0,0,39,None,0
-39.0,9,770,None,0
-400.0,16,1505,None,0
-763.0,10,2066,None,0
-1086.25,22,2749,None,0
-1414.3999999999999,14,2932,None,0
-1665.0,2,3211,None,0
-1885.5714285714287,28,2920,None,0
-2011.375,27,2180,None,0
-2027.111111111111,49,2284,None,-2027.111111111111
-2271.1111111111113,60,1607,None,-2232.1111111111113
-2358.4444444444443,62,2117,None,-1958.4444444444443
-2421.3333333333335,11,2445,None,-1658.3333333333335
-2463.333333333333,935,965,None,-1377.083333333333
-2163.6666666666665,490,273,None,-749.2666666666667
-1815.3333333333333,852,134,None,1876.7777777777778
-1379.0,633,62,Compression,2738.6825396825398
-994.2222222222223,168,112,None,2975.597222222222
-748.7777777777778,238,361,None,2936.666666666667
-514.1111111111111,650,184,None,3134.083333333333
-290.4444444444444,858,151,None,2817.2666666666664
16.444444444444343,538,41,None,2588.1111111111113
342.1111111111112,505,18,None,2298.873015873016
399.55555555555554,809,20,None,1546.0694444444443
463.11111111111114,1359,22,None,1000.1111111111111
531.8888888888889,1879,18,None,153.8888888888887
675.2222222222222,2672,7,None,-398.55555555555566
965.111111111111,2665,22,None,-723.8888888888891
1272.4444444444443,3257,10,None,-1018.8888888888889
1581.4444444444446,3496,10,None,-691.3333333333333
1890.2222222222222,4365,11,None,-404.6666666666665
2318.777777777778,3680,20,None,65.7777777777776
2671.333333333333,3616,49,None,602.333333333333
2980.0,3927,74,None,803.0
3259.5555555555557,3878,56,None,941.1111111111115
3477.4444444444443,4513,69,None,930.3333333333333
3675.1111111111113,4405,97,None,836.2222222222226
3860.1111111111113,4025,0,None,611.0000000000005
3946.5555555555557,5921,0,None,93.33333333333394
4217.111111111111,7583,1,None,-189.99999999999955
4575.777777777777,7720,4,None,-470.6666666666674
5026.444444444444,7719,7,None,-447.11111111111086
5487.0,6988,1,None,-203.00000000000045
5835.222222222222,5531,2,None,-12.00000000000091
6024.888888888889,4381,0,None,182.33333333333303
6017.888888888889,3789,0,None,15.888888888888232
5960.222222222222,3418,0,None,-156.88888888888914
5892.777777777777,3202,2,None,-408.8888888888896
5590.444444444444,2824,0,None,-1133.666666666667
5061.777777777778,1585,266,None,-2089.666666666665
4351.0,1150,249,None,-3222.8888888888887
3594.222222222222,503,181,None,-4235.555555555555
2853.6666666666665,375,442,None,-5081.666666666666
2231.888888888889,245,508,None,-5739.222222222221
1715.888888888889,144,539,None,-5675.333333333333
1251.0,41,986,None,-5195.222222222223
766.2222222222223,8,1560,None,-4451.11111111111
238.22222222222229,12,2000,None,-3459.444444444444
-296.44444444444446,4,2265,None,-2376.6666666666674
-694.2222222222222,5,2218,None,-1252.222222222223
-1040.2222222222222,5,1793,None,-332.44444444444434
-1274.6666666666667,3,1780,None,580.8888888888887
-1464.6666666666667,6,1781,None,1429.999999999999
-1632.6666666666667,9,1953,None,2003.666666666666
-1804.7777777777778,10,2154,None,2302.444444444445
-1938.0,3,2210,None,2341.0000000000005
-2010.7777777777778,2,2417,None,2385.4444444444443
-2058.222222222222,15,2183,None,2366.555555555555
-2047.8888888888891,1,2301,None,2342.8888888888887
-2057.5555555555557,1,2712,None,2331.222222222222
-2160.111111111111,0,2248,None,2170.333333333334
-2212.4444444444443,4,1346,None,1956.4444444444446
-2164.3333333333335,66,1163,None,1717.3333333333333
-2070.222222222222,508,273,None,1496.3333333333335
-1805.888888888889,1065,141,None,1485.777777777778
-1458.0,1225,101,None,1570.1111111111113
-1064.7777777777778,970,34,None,1878.8888888888885
-719.8888888888889,411,147,None,2075.777777777778
-434.99999999999994,7,556,None,2154.2222222222226
-194.77777777777771,0,1691,None,2230.7777777777774
-132.8888888888889,0,2009,None,1947.4444444444446
-207.0,0,2460,None,1404.5555555555557
-358.44444444444446,0,2887,None,718.3333333333335
-705.3333333333333,0,3083,None,-227.44444444444457
-1150.5555555555557,0,3360,None,-1315.1111111111113
-1648.7777777777778,2,3766,None,-2549.333333333333
-2171.0,4,3710,None,-3530.666666666667
-2612.1111111111113,1,3573,None,-4134.444444444445
-2948.0,27,3979,None,-4465.0
-3199.222222222222,106,4089,None,-4166.888888888889
-3418.5555555555557,3,4922,None,-3519.0
-3691.777777777778,7,5187,None,-2749.3333333333335
-3946.5555555555557,7,5370,None,-1790.1111111111115
-4199.888888888889,2,5186,None,-872.2222222222217
-4402.555555555556,3,5136,None,-0.5555555555556566
-4554.666666666667,49,4368,None,682.6666666666661
-4622.777777777778,129,3142,None,1200.8888888888887
-4560.666666666667,674,2614,None,1720.6666666666665
-4337.111111111111,403,546,None,2103.3333333333335
-3910.444444444445,3053,0,Compression,2557.444444444444
-3024.6666666666665,4805,16,None,3420.888888888889
-1916.9999999999998,5048,2,None,4413.222222222223
-760.4444444444443,3966,13,None,5450.111111111111
254.7777777777776,3371,3,None,6270.0
1199.3333333333333,2487,8,None,6891.888888888889
1954.6666666666667,1611,34,None,7069.333333333334
2464.6666666666665,1015,3,None,6358.222222222223
2792.666666666667,886,73,None,5100.222222222223
2898.888888888889,408,368,None,3369.8888888888896
2564.111111111111,66,1325,None,931.4444444444443
1892.1111111111113,11,1663,None,-1944.8888888888887
1147.888888888889,40,2328,None,-4669.111111111112
454.44444444444434,37,2483,None,-6825.666666666667
-191.55555555555554,160,1944,None,-8520.666666666668
-665.2222222222223,351,1761,None,-9429.222222222223
-997.1111111111112,212,742,None,-9050.555555555555
-1168.4444444444446,1400,34,None,-7770.222222222223
-1107.0,2980,1,None,-5914.222222222223
-780.4444444444446,2812,1,None,-3544.2222222222226
-328.2222222222222,1938,43,None,-829.4444444444448
65.88888888888891,967,294,None,1537.8888888888891
394.8888888888888,634,611,Compression,3402.222222222222
669.2222222222223,260,886,None,4821.888888888889
797.8888888888889,28,1159,None,5469.0
828.8888888888889,13,1077,None,5170.555555555556
769.5555555555557,15,1707,None,4158.333333333334
429.7777777777778,20,2043,None,2618.777777777778
-126.0,12,2994,None,714.0000000000001
-769.6666666666667,63,3262,None,-1302.2222222222224
-1335.6666666666665,91,2569,None,-2864.666666666667
-1685.7777777777778,150,2550,None,-3906.6666666666665
-1955.0,76,1252,None,-4562.222222222223
-2016.1111111111113,998,87,None,-4350.777777777777
-1789.2222222222222,2978,33,None,-3272.5555555555557
-1343.7777777777778,3500,10,None,-1671.888888888889
-767.9999999999999,2156,92,None,203.7777777777776
-313.8888888888889,1848,499,None,1892.7777777777776
167.33333333333348,1556,813,Compression,3561.2222222222226
605.3333333333334,1058,628,None,4755.0
928.4444444444445,551,629,None,5232.333333333334
1186.4444444444446,73,839,None,5254.777777777777
1232.0,143,939,None,4445.888888888889
1042.3333333333333,123,1049,None,3019.4444444444443
612.2222222222222,242,1694,None,1018.9999999999998
63.111111111111086,512,1208,None,-1109.8888888888891
-243.55555555555554,898,1411,None,-2543.8888888888887
-450.44444444444446,534,2591,None,-3759.222222222222
-761.5555555555557,2002,1911,None,-4615.0
-799.2222222222222,2941,980,None,-4559.222222222223
-572.6666666666665,2517,1065,None,-3715.1111111111113
-326.2222222222224,1334,1148,None,-2389.3333333333335
-217.1111111111111,1168,1905,None,-1329.7777777777778
-196.1111111111111,498,1775,None,-190.55555555555532
-176.66666666666674,178,1259,None,1127.1111111111113
-219.44444444444457,110,1622,None,1751.7777777777774
-330.44444444444434,22,2421,None,1879.1111111111113
-368.44444444444434,16,3152,None,1951.3333333333337
-727.0,0,3318,None,1331.6666666666665
-1313.5555555555557,12,2947,None,67.44444444444412
-1800.9999999999998,83,2540,None,-1234.9999999999995
-2094.666666666667,419,1786,None,-1901.666666666667
-2164.666666666667,271,1572,None,-2088.555555555556
-2167.3333333333335,589,431,None,-2383.7777777777783
-2029.6666666666667,2281,24,None,-1882.4444444444443
-1610.888888888889,3491,24,None,-539.5555555555554
-959.1111111111111,2608,56,None,884.1111111111106
-327.1111111111111,2066,61,None,2277.444444444445
264.33333333333326,1599,72,None,3546.444444444445
760.1111111111112,1144,237,None,4551.777777777777
1133.888888888889,870,363,None,5038.777777777777
1342.1111111111113,278,412,None,4787.222222222223
1471.7777777777776,19,1332,None,4229.777777777778
1308.3333333333333,25,2059,None,2938.1111111111113
831.5555555555554,11,1984,None,864.5555555555554
227.1111111111112,18,2434,None,-1374.8888888888887
-324.8888888888889,24,2385,None,-3226.3333333333335
-810.0,122,2262,None,-4581.111111111111
-1217.4444444444443,65,1785,None,-5616.666666666667
-1509.3333333333333,301,1180,None,-5981.222222222223
-1663.3333333333333,1754,1063,None,-5447.888888888889
-1571.6666666666667,4143,485,None,-4229.666666666666
-1019.3333333333333,5885,13,None,-2329.8888888888887
-140.8888888888889,4691,69,None,101.88888888888891
591.8888888888889,4120,46,None,2342.3333333333335
1313.0,2253,123,Compression,4281.111111111111
1812.0,1806,147,None,5627.444444444444
2234.1111111111113,2093,64,None,6495.0
2650.666666666667,258,239,None,6487.666666666666
2750.444444444445,190,770,None,5386.222222222223
2609.222222222222,209,1500,None,3816.111111111111
2059.333333333333,320,2185,None,1440.7777777777771
1199.6666666666665,257,2184,None,-1281.4444444444446
471.9999999999999,138,1839,None,-3571.444444444445
-169.66666666666663,205,1509,None,-5642.666666666666
-551.2222222222223,204,749,None,-6777.0
-796.1111111111112,706,185,None,-7211.111111111111
-963.6666666666667,3518,0,None,-6693.0
-574.8888888888888,4834,0,None,-4665.888888888889
26.666666666666742,5015,1,None,-2462.6666666666665
727.2222222222223,4269,6,None,150.55555555555566
1408.1111111111113,3596,14,Compression,2571.666666666667
2020.2222222222224,2321,0,None,4578.444444444445
2467.111111111111,1408,15,None,6251.111111111111
2766.777777777778,651,18,None,6643.333333333334
2897.6666666666665,136,102,None,6276.333333333334
2843.555555555555,5,1200,None,5139.333333333332
2319.888888888889,4,1962,None,2686.333333333333
1565.2222222222222,5,2822,None,-9.666666666667197
695.1111111111111,4,3178,None,-2668.8888888888887
-131.22222222222229,6,2716,None,-4857.333333333334
-830.3333333333334,1,2915,None,-6544.333333333334
-1412.0,16,2481,None,-7686.333333333332
-1840.6666666666667,115,244,None,-7502.222222222223
-1925.3333333333335,896,10,None,-6361.555555555556
-1830.6666666666667,1177,75,None,-4642.11111111111
-1575.4444444444446,1116,155,None,-2356.0000000000005
-1251.111111111111,716,662,None,34.222222222222626
-932.1111111111111,766,712,None,2251.8888888888887
-573.4444444444445,358,777,Compression,4165.222222222223
-318.8888888888889,26,463,None,5334.444444444444
-43.66666666666674,18,719,None,6042.555555555555
152.33333333333337,22,1334,None,5888.333333333334
20.888888888888914,142,1974,None,4762.555555555556
-281.11111111111114,46,2778,None,3176.777777777778
-707.1111111111111,149,2901,None,1310.5555555555557
-1119.6666666666667,238,2535,None,-380.0000000000001
-1380.888888888889,281,1580,None,-1817.111111111111
-1531.2222222222222,255,1217,None,-2950.777777777778
-1591.5555555555554,1109,6,None,-3218.8888888888887
-1420.4444444444446,3288,12,None,-2926.3333333333335
-978.5555555555555,4984,0,None,-1999.2222222222224
-279.0,4695,0,None,-431.33333333333326
446.2222222222224,3428,2,None,1176.1111111111113
1130.4444444444443,2136,29,Compression,2795.333333333333
1670.3333333333333,1787,42,None,4062.6666666666665
2119.4444444444443,1135,154,None,4877.111111111111
2372.777777777778,529,241,None,5034.888888888889
2511.6666666666665,17,796,None,4403.11111111111
2302.5555555555557,2,1647,None,2995.6666666666665
1755.7777777777778,10,2438,None,896.777777777778
932.2222222222223,5,3149,None,-1578.7777777777778
61.222222222222285,13,3240,None,-3885.333333333333
-678.0,54,2336,None,-5712.444444444444
-1165.6666666666665,74,1740,None,-6939.222222222222
-1544.6666666666667,147,621,None,-7387.111111111111
-1706.3333333333333,1151,23,None,-6813.444444444445
-1613.0,2596,3,None,-5335.888888888889
-1238.3333333333335,3315,17,None,-3155.888888888889
-689.111111111111,3059,45,None,-636.4444444444443
-84.44444444444457,1845,69,None,1819.333333333333
462.2222222222223,1611,170,Compression,4065.1111111111113
980.8888888888889,1105,240,None,5738.0
1330.5555555555557,528,226,None,6620.888888888889
1549.2222222222222,12,537,None,6634.777777777777
1543.5555555555554,10,1354,None,5694.777777777777
1268.888888888889,10,1557,None,3898.5555555555557
808.8888888888889,30,1995,None,1646.2222222222224
224.1111111111111,77,2201,None,-745.6666666666669
-346.7777777777777,205,1843,None,-2758.555555555555
-726.1111111111111,172,1269,None,-4282.222222222223
-1008.1111111111111,50,1611,None,-5238.888888888889
-1277.6666666666665,1245,169,None,-5490.111111111111
-1191.6666666666667,2824,106,None,-4788.111111111111
-831.3333333333334,3636,86,None,-3288.111111111111
-287.55555555555554,2998,88,None,-1294.1111111111113
207.66666666666674,2203,169,None,587.1111111111113
652.0,1522,276,None,2416.8888888888887
1026.4444444444446,1104,359,Compression,3981.4444444444443
1291.2222222222222,860,411,None,4758.222222222222
1463.0,116,709,None,4846.0
1570.5555555555554,21,1619,None,4404.666666666666
1273.4444444444443,12,2302,None,3066.3333333333335
717.0,3,2865,None,1120.4444444444446
4.555555555555543,35,3086,None,-1081.111111111111
-657.7777777777778,8,3019,None,-2882.777777777778
-1218.3333333333333,17,2525,None,-4341.444444444444
-1635.4444444444443,10,2057,None,-5510.11111111111
-1945.6666666666665,381,450,None,-5702.0
-2003.2222222222222,1636,136,None,-5014.555555555556
-1770.6666666666667,2416,101,None,-3633.333333333333
-1335.888888888889,4022,82,None,-1743.8888888888885
-643.6666666666666,3838,67,None,509.66666666666674
93.33333333333348,2156,38,Compression,2750.6666666666665
667.6666666666666,1741,68,None,4562.333333333333
1188.111111111111,1377,108,None,5872.666666666666
1607.7777777777778,584,126,None,6584.444444444444
1886.111111111111,139,661,None,6441.11111111111
1835.7777777777778,17,1714,None,5199.666666666666
1480.5555555555557,3,2201,None,3162.444444444445
979.1111111111111,19,3193,None,989.5555555555557
188.66666666666663,17,3447,None,-1574.111111111111
-611.4444444444445,37,2974,None,-3948.0
-1173.111111111111,116,2464,None,-5672.555555555555
-1619.8888888888887,129,1893,None,-6647.0
-1956.888888888889,326,187,None,-6815.88888888889
-1992.3333333333335,1692,80,None,-6193.444444444444
-1755.2222222222222,3097,5,None,-4423.333333333333
-1223.111111111111,3253,23,None,-1998.8888888888891
-620.0,2312,37,None,241.66666666666674
-14.55555555555543,1436,46,Compression,2604.777777777778
521.0000000000001,1149,142,None,4697.111111111111
959.2222222222222,613,175,None,6010.777777777777
1268.7777777777778,315,547,None,6479.666666666666
1439.0,53,980,None,6099.555555555556
1320.5555555555557,44,1507,None,4912.0
978.8888888888889,121,1993,None,2937.3333333333335
427.33333333333337,107,2430,None,517.9999999999998
-189.66666666666663,231,2134,None,-1701.9999999999995
-653.8888888888889,432,1275,None,-3528.0
-902.0000000000001,290,658,None,-4818.888888888889
-1054.7777777777778,1763,5,None,-5326.888888888889
-908.1111111111111,2989,18,None,-4911.0
-552.2222222222222,3683,7,None,-3641.6666666666665
-40.77777777777783,3545,6,None,-1791.666666666667
514.9999999999999,2821,8,None,175.44444444444446
1035.5555555555554,2141,98,None,2031.2222222222222
1520.6666666666665,1456,88,Compression,3724.333333333333
1884.111111111111,766,122,None,4714.888888888889
2049.3333333333335,156,238,None,4942.555555555556
2081.111111111111,116,964,None,4497.222222222223
1791.5555555555557,50,1760,None,3163.555555555556
1271.4444444444443,21,2528,None,1215.4444444444443
584.4444444444443,20,2966,None,-1085.1111111111109
-136.1111111111111,60,2596,None,-3189.111111111111
-730.4444444444443,130,1428,None,-4717.333333333333
-1101.6666666666667,56,1294,None,-5758.222222222222
-1391.2222222222222,697,70,None,-5975.0
-1393.111111111111,2190,37,None,-5266.111111111111
-1144.7777777777778,3759,0,None,-3851.111111111111
-632.8888888888889,4512,2,None,-1773.3333333333335
58.2222222222224,2876,3,None,552.7777777777778
656.0,1846,84,Compression,2693.8888888888887
1179.1111111111113,1299,136,None,4590.555555555556
1590.111111111111,551,400,None,5763.0
1751.111111111111,81,542,None,6078.666666666666
1837.4444444444443,26,1265,None,5653.111111111111
1630.111111111111,29,2176,None,4236.444444444444
1152.3333333333333,23,2399,None,2225.5555555555557
470.66666666666663,18,2937,None,-211.66666666666674
-354.7777777777778,35,2433,None,-2733.5555555555557
-940.4444444444446,282,1589,None,-4449.222222222223
-1281.4444444444443,71,1074,None,-5689.222222222223
-1522.111111111111,771,112,None,-6135.444444444444
-1465.6666666666665,2636,12,None,-5513.888888888889
-1122.888888888889,3816,0,None,-4063.8888888888887
-561.2222222222223,4088,11,None,-1778.3333333333333
130.33333333333326,3321,11,None,574.4444444444446
762.1111111111111,2511,39,Compression,2752.0
1361.111111111111,1778,86,None,4828.111111111111
1815.5555555555557,1220,30,None,5972.777777777777
2093.0,254,234,None,6334.777777777777
2206.666666666667,12,744,None,5920.111111111111
2052.1111111111113,5,2059,None,4539.777777777777
1532.3333333333333,5,2913,None,2363.777777777778
785.2222222222222,0,3512,None,-369.44444444444457
-58.0,0,3208,None,-2944.333333333333
-782.2222222222222,15,2396,None,-4918.777777777777
-1321.4444444444443,41,1580,None,-6411.333333333334
-1680.4444444444443,454,442,None,-7013.777777777777
-1811.3333333333335,1293,20,None,-6559.555555555556
-1672.111111111111,2558,8,None,-5225.222222222223
-1307.4444444444443,3273,22,None,-3171.2222222222226
-718.0,2976,32,None,-705.9999999999998
-67.77777777777783,2086,35,None,1829.5555555555557
550.3333333333334,1220,133,Compression,4104.333333333333
1027.5555555555557,1008,335,None,5714.111111111111
1366.888888888889,738,304,None,6567.111111111111
1586.111111111111,364,491,None,6626.111111111111
1570.6666666666667,42,1351,None,5632.333333333333
1283.7777777777778,0,2116,None,3808.8888888888887
765.3333333333334,7,2520,None,1464.4444444444443
124.88888888888891,6,2945,None,-966.8888888888889
-528.7777777777778,10,2942,None,-3149.333333333333
-1082.4444444444446,227,2049,None,-4899.333333333334
-1405.6666666666667,216,1477,None,-5815.222222222223
-1620.5555555555554,156,918,None,-5943.333333333333
-1753.4444444444446,1304,16,None,-5412.333333333334
-1596.2222222222222,2556,30,None,-4009.7777777777774
-1170.111111111111,3189,60,None,-1992.8888888888887
-587.3333333333334,2282,40,None,280.1111111111111
-59.0,1768,51,None,2249.333333333334
458.33333333333337,1412,201,Compression,3974.5555555555557
918.6666666666667,785,247,None,5340.666666666667
1180.888888888889,190,490,None,5753.444444444444
1287.6666666666667,95,542,None,5362.111111111111
1322.6666666666667,10,1077,None,4428.777777777778
1061.0,21,1732,None,2841.1111111111113
590.2222222222224,2,2550,None,773.2222222222223
-40.55555555555554,23,2562,None,-1454.3333333333335
-571.7777777777777,0,2152,None,-3099.3333333333335
-1001.6666666666667,11,989,None,-4368.222222222223
-1244.888888888889,127,406,None,-5239.666666666667
-1335.6666666666667,1781,23,None,-5173.777777777777
-1107.0,3360,2,None,-4155.0
-684.2222222222222,4939,12,None,-2553.666666666667
-18.2222222222224,5023,4,None,-566.4444444444447
729.5555555555555,3148,19,None,1599.333333333333
1360.3333333333335,2237,46,Compression,3564.444444444445
1885.888888888889,1809,15,None,4974.222222222223
2324.3333333333335,1006,12,None,5720.666666666667
2543.444444444445,466,21,None,5795.222222222223
2623.8888888888887,17,659,None,5038.777777777778
2357.222222222222,1,1712,None,3324.888888888889
1794.0,26,2032,None,1077.333333333333
1023.6666666666667,3,3017,None,-1415.7777777777774
131.1111111111111,39,2237,None,-3924.4444444444443
-460.7777777777777,181,1305,None,-5609.444444444445
-829.1111111111111,84,566,None,-6674.555555555556
-1082.0,1305,21,None,-6870.555555555556
-1049.7777777777778,2415,16,None,-6071.444444444445
-832.6666666666667,2453,6,None,-4498.444444444445
-489.44444444444434,1370,30,None,-2248.222222222222
-150.44444444444457,1108,154,None,-123.33333333333326
178.44444444444446,481,341,None,1869.7777777777778
528.8888888888888,281,763,Compression,3804.1111111111113
719.5555555555554,29,355,None,4773.555555555556
808.2222222222222,7,925,None,5093.888888888889
759.7777777777778,1,1887,None,4688.444444444444
407.55555555555554,6,2337,None,3401.7777777777783
-118.0,4,3274,None,1559.8888888888891
-753.2222222222222,8,2900,None,-661.5555555555555
-1223.4444444444443,10,2253,None,-2253.333333333333
-1578.6666666666667,77,909,None,-3394.4444444444443
-1686.6666666666667,106,218,None,-4057.3333333333335
-1645.5555555555554,1888,16,None,-3822.4444444444443
-1401.3333333333333,2610,1,None,-2924.2222222222226
-1009.4444444444445,2403,6,None,-1505.4444444444443
-533.5555555555557,2374,36,None,131.88888888888857
-14.777777777777828,1699,48,None,1860.3333333333335
532.0000000000001,1318,13,Compression,3500.777777777778
998.3333333333333,911,105,None,4586.888888888889
1337.111111111111,187,149,None,5125.333333333334
1433.7777777777778,16,261,None,4889.666666666666
1419.0,16,904,None,4005.666666666667
1112.3333333333335,122,1524,None,2410.444444444445
666.6666666666666,113,2352,None,390.8888888888889
151.55555555555554,261,1721,None,-1536.666666666666
-270.44444444444446,280,1062,None,-3171.4444444444443
-540.7777777777778,227,464,None,-4193.222222222223
-712.1111111111111,1159,64,None,-4775.0
-680.0,2028,21,None,-4530.777777777778
-461.2222222222223,1293,44,None,-3571.1111111111113
-295.2222222222222,1042,97,None,-2399.3333333333335
-91.55555555555554,855,462,None,-948.2222222222225
107.88888888888891,801,1128,None,514.0000000000001
320.33333333333337,283,835,None,1879.2222222222222
421.2222222222223,92,1020,Compression,2708.777777777778
405.0,16,1558,None,2840.777777777778
260.0,8,2253,None,2686.333333333333
-111.11111111111109,4,2852,None,1772.777777777778
-650.5555555555557,10,3092,None,369.44444444444434
-1131.7777777777776,51,3350,None,-1005.3333333333333
-1603.3333333333335,153,2394,None,-2203.4444444444443
-1896.0,354,1310,None,-2949.666666666667
-1965.888888888889,310,548,None,-3258.333333333333
-1931.0,2118,11,None,-2921.1111111111113
-1593.7777777777778,1991,8,None,-1809.4444444444443
-1202.1111111111113,2379,18,None,-625.5555555555559
-690.3333333333333,2434,5,None,932.5555555555557
-104.0,1683,66,Compression,2550.4444444444443
418.1111111111112,1349,158,None,3836.111111111111
917.0,786,172,None,4872.555555555556
1234.2222222222222,396,342,None,5129.0
1346.4444444444443,34,861,None,4774.444444444444
1281.0,7,1115,None,3791.222222222222
923.7777777777778,2,1035,None,1971.0
588.6666666666667,12,1698,None,240.88888888888937
139.0,238,856,None,-1691.0000000000002
-199.5555555555556,548,598,None,-3225.777777777778
-384.77777777777777,694,157,None,-4115.222222222222
-457.44444444444446,2258,4,None,-4586.444444444444
-275.2222222222222,2488,4,None,-4027.0
-5.222222222222172,2363,23,None,-3142.4444444444443
346.66666666666663,2174,12,None,-1763.6666666666665
709.9999999999999,1187,214,None,-118.22222222222234
932.8888888888889,505,141,None,1147.111111111111
1160.6666666666667,218,555,None,2396.1111111111113
1191.888888888889,217,623,Compression,2900.8888888888887
1152.3333333333335,11,1429,None,2888.777777777778
935.1111111111111,12,2181,None,2326.888888888889
443.66666666666663,26,2355,None,932.6666666666667
-91.11111111111109,102,2350,None,-430.1111111111111
-600.8888888888889,107,2242,None,-1969.2222222222222
-1078.3333333333333,403,1416,None,-3179.7777777777774
-1299.0,562,539,None,-3769.0
-1336.888888888889,1282,16,None,-3890.1111111111113
-1158.7777777777778,1884,9,None,-3069.5555555555557
-905.3333333333333,2445,18,None,-1971.777777777778
-478.1111111111111,2283,19,None,-465.66666666666663
14.444444444444457,2020,87,None,1359.1111111111109
488.0,1016,23,Compression,2811.0
848.1111111111112,663,186,None,3946.5555555555557
1138.3333333333333,105,126,None,4567.333333333334
1248.5555555555554,32,667,None,4605.222222222223
1175.4444444444443,101,1247,None,3925.555555555555
907.4444444444443,7,1966,None,2495.4444444444443
481.44444444444446,43,2298,None,807.6666666666667
-38.77777777777783,245,2256,None,-1009.6666666666667
-513.7777777777778,611,1873,None,-2744.8888888888887
-868.7777777777776,537,1235,None,-3904.333333333333
-1056.6666666666665,621,188,None,-4417.111111111111
-1061.5555555555554,2367,5,None,-4266.111111111111
-796.7777777777778,2719,1,None,-3432.1111111111113
-424.2222222222223,3476,1,None,-2038.9999999999998
89.2222222222224,2574,9,None,-289.99999999999966
591.8888888888889,1894,200,None,1467.2222222222222
1030.6666666666667,1351,123,Compression,2974.2222222222226
1390.5555555555554,1080,175,None,4104.222222222222
1631.3333333333335,628,191,None,4545.444444444444
1757.4444444444446,229,310,None,4413.777777777777
1700.3333333333333,152,902,None,3580.1111111111104
1354.5555555555557,314,1709,None,2040.8888888888891
897.5555555555557,502,1896,None,252.33333333333326
356.55555555555554,382,1934,None,-1637.0
-100.8888888888888,279,884,None,-3192.888888888889
-356.33333333333326,973,127,None,-4201.111111111111
-398.77777777777777,1712,21,None,-4551.222222222222
-311.44444444444446,1831,36,None,-4094.1111111111113
-160.55555555555566,1551,12,None,-3239.7777777777783
19.444444444444457,1441,151,None,-1948.2222222222217
246.1111111111112,942,447,None,-415.66666666666663
456.1111111111111,336,755,None,945.5555555555554
564.4444444444446,138,1270,None,1997.2222222222222
611.1111111111111,30,1333,Compression,2654.777777777778
533.5555555555557,2,2079,None,2807.888888888889
208.77777777777783,6,1447,None,2288.4444444444443
-139.22222222222217,39,1817,None,1280.6666666666665
-536.2222222222224,246,2095,None,65.77777777777783
-912.6666666666667,341,1866,None,-1140.0000000000002
-1225.4444444444446,434,1461,None,-2183.5555555555557
-1394.5555555555554,515,599,None,-2740.5555555555557
-1357.3333333333335,1135,190,None,-2529.333333333334
-1126.5555555555557,1614,111,None,-1909.8888888888891
-814.7777777777778,1932,231,None,-972.6666666666667
-395.0,1573,219,None,328.33333333333337
-84.44444444444446,1203,152,None,1526.3333333333335
229.8888888888888,948,253,Compression,2616.777777777778
512.5555555555555,366,323,None,3347.0
686.7777777777778,634,387,None,3649.888888888889
828.3333333333333,45,785,None,3571.222222222222
755.4444444444445,5,1337,None,2716.5555555555557
502.44444444444446,4,1683,None,1574.2222222222222
148.8888888888889,50,2040,None,197.55555555555554
-261.2222222222222,26,2097,None,-1291.4444444444443
-641.7777777777778,96,1578,None,-2469.5555555555557
-923.2222222222223,35,888,None,-3376.0
-1095.2222222222222,184,478,None,-3720.5555555555557
-1132.6666666666667,1053,89,None,-3448.4444444444443
-1053.0,1591,71,None,-2845.0
-801.8888888888889,1843,124,None,-1691.1111111111113
-462.8888888888889,1490,182,None,-408.0
-131.0,1139,475,None,873.2222222222222
163.8888888888889,683,385,None,2032.888888888889
427.1111111111111,340,188,Compression,2888.3333333333335
608.6666666666666,50,601,None,3413.222222222222
642.2222222222223,28,1238,None,3294.777777777778
540.4444444444445,21,1642,None,2638.444444444445
253.22222222222229,263,1696,None,1586.111111111111
-74.8888888888888,613,1396,None,301.888888888889
-352.8888888888889,1632,1070,None,-958.8888888888889
-435.7777777777777,2213,226,None,-1836.6666666666665
-288.7777777777778,2247,97,None,-2190.1111111111113
-83.0,3888,134,None,-2183.2222222222226
317.2222222222222,5027,206,None,-1597.6666666666665
914.1111111111111,6035,237,None,-455.1111111111113
1692.7777777777776,6551,286,None,1042.333333333333
2569.0,5299,203,Compression,2620.5555555555557
3294.4444444444443,4716,151,None,3822.0
3888.666666666667,4433,80,None,4751.666666666667
4309.888888888889,2836,84,None,5037.11111111111
4394.888888888889,640,152,None,4411.777777777777
4210.222222222223,137,47,None,3140.8888888888896
3803.1111111111113,16,45,None,1170.1111111111113
3264.222222222222,194,9,None,-1019.2222222222217
2640.5555555555557,419,20,None,-3293.7777777777774
1988.7777777777776,343,82,None,-5325.888888888889
1451.5555555555557,216,8,None,-6526.555555555555
967.4444444444445,147,25,None,-7214.444444444445
497.33333333333337,21,17,None,-7298.444444444444
192.0,4,26,None,-6553.0
135.33333333333334,8,30,Breathing,-5022.666666666667
122.88888888888889,5,4,Breathing,-3100.0
126.22222222222221,0,5,Breathing,-1295.1111111111113
105.11111111111111,0,11,Breathing,385.7777777777783
59.55555555555556,1,6,Breathing,1883.3333333333333
30.0,6,4,Compression,2781.333333333333
7.111111111111111,27,106,None,3114.5555555555557
-15.222222222222221,66,38,None,3167.666666666667
-12.555555555555557,10,134,None,2933.4444444444443
-23.888888888888893,51,48,None,2376.222222222222
-21.111111111111114,15,113,None,1785.222222222222
-32.11111111111111,9,101,None,1263.2222222222224
-41.77777777777778,17,100,None,813.4444444444445
-49.777777777777786,16,38,None,403.2222222222222
-51.66666666666666,66,30,None,122.88888888888889
-47.88888888888889,107,26,None,104.22222222222223
-30.111111111111107,80,38,None,129.11111111111111
-28.55555555555555,64,14,None,142.33333333333331
-9.222222222222221,97,15,None,161.55555555555554
-0.44444444444444287,70,38,None,130.0
14.0,127,10,None,127.77777777777777
37.22222222222222,160,22,None,134.0
61.77777777777777,239,8,None,126.44444444444444
89.8888888888889,240,20,None,157.55555555555554
110.33333333333331,200,9,None,143.55555555555554
122.55555555555556,218,30,None,132.0
138.77777777777777,233,29,None,121.2222222222222
155.88888888888889,207,22,None,86.11111111111111
167.33333333333334,83,28,None,56.222222222222214
169.88888888888889,217,27,None,14.333333333333343
178.0,127,43,None,-17.44444444444443
172.0,104,19,None,-42.44444444444443
155.77777777777777,53,51,None,-101.44444444444444
131.55555555555557,37,26,None,-143.88888888888886
111.55555555555556,66,29,None,-178.77777777777777
94.77777777777779,108,9,None,-199.88888888888886
83.11111111111111,42,42,None,-213.55555555555554
62.55555555555556,19,19,None,-215.0
56.44444444444444,93,3,None,-179.33333333333331
45.333333333333336,30,14,None,-153.8888888888889
37.77777777777778,8,82,None,-123.22222222222223
20.111111111111107,42,6,None,-91.66666666666667
23.888888888888886,45,10,None,-34.888888888888914
26.555555555555557,21,50,None,19.777777777777786
19.222222222222225,33,36,None,37.888888888888886
7.888888888888889,64,24,None,57.44444444444443
12.333333333333332,39,8,None,84.0
15.777777777777775,32,42,None,94.99999999999999
4.666666666666664,6,12,None,67.00000000000001
2.2222222222222214,50,0,None,49.44444444444444
15.999999999999996,17,42,None,71.44444444444444
9.222222222222225,7,71,None,60.55555555555557
-1.7777777777777786,28,10,None,21.888888888888893
3.4444444444444464,10,19,None,24.888888888888893
2.7777777777777786,1,18,None,35.55555555555556
-3.555555555555557,1,18,None,19.666666666666668
-8.88888888888889,42,9,None,-20.555555555555554
-4.111111111111111,0,22,None,5.888888888888886
-5.888888888888889,9,21,None,20.222222222222225
-12.777777777777779,5,40,None,-12.999999999999996
-13.888888888888888,0,43,None,-18.000000000000004
-11.555555555555555,2,37,None,6.1111111111111125
-17.444444444444443,13,25,None,3.777777777777775
-17.77777777777778,7,59,None,-11.777777777777782
-21.666666666666664,0,67,None,-9.999999999999996
-27.22222222222222,1,71,None,10.444444444444443
-38.66666666666667,1,62,None,-11.444444444444443
-43.0,1,69,None,-27.333333333333336
-49.22222222222222,13,67,None,-15.555555555555554
-51.333333333333336,3,59,None,-16.888888888888893
-52.77777777777778,0,93,None,-23.111111111111114
-59.22222222222222,2,85,None,-23.444444444444446
-67.11111111111111,12,80,None,-14.777777777777779
-68.88888888888889,0,72,None,-10.111111111111107
-69.44444444444444,0,71,None,-5.777777777777779
-69.55555555555556,1,59,None,6.555555555555564
-69.22222222222221,0,80,None,15.000000000000007
-70.55555555555556,0,77,None,20.444444444444443
-73.11111111111111,0,60,None,27.555555555555557
-73.55555555555556,0,46,None,26.444444444444443
-68.33333333333333,0,40,None,33.111111111111114
-63.55555555555556,0,32,None,34.44444444444444
-59.55555555555555,1,19,None,35.55555555555555
-53.55555555555556,2,25,None,37.22222222222222
-48.22222222222222,2,8,None,43.111111111111114
-42.44444444444444,5,6,None,47.55555555555555
-33.666666666666664,0,8,None,46.0
-26.0,3,0,None,43.55555555555556
-19.0,17,2,None,45.22222222222222
-12.222222222222221,4,2,None,40.22222222222222
-7.555555555555556,39,0,None,34.666666666666664
0.33333333333333304,7,11,None,33.111111111111114
1.8888888888888893,29,3,None,18.55555555555555
7.333333333333334,12,1,None,8.444444444444443
9.222222222222223,32,2,None,-2.888888888888893
12.666666666666668,27,0,None,-9.777777777777779
16.555555555555557,51,1,None,-13.444444444444443
21.77777777777778,33,1,None,-19.111111111111107
23.666666666666668,106,2,None,-19.555555555555557
35.0,72,9,None,-13.0
37.666666666666664,108,0,None,-14.333333333333336
50.11111111111111,122,0,None,1.8888888888888857
60.77777777777778,133,0,None,10.888888888888886
74.33333333333333,114,10,None,24.33333333333332
82.55555555555556,127,2,None,34.0
93.44444444444446,193,3,None,34.33333333333334
109.0,205,4,None,49.8888888888889
127.77777777777779,218,0,None,55.8888888888889
140.44444444444443,324,2,None,51.999999999999986
169.2222222222222,196,11,None,66.44444444444444
177.7777777777778,69,2,None,57.7777777777778
171.66666666666669,24,0,None,34.000000000000014
159.55555555555557,0,1,None,-1.9999999999999858
147.88888888888889,0,8,None,-38.777777777777786
133.1111111111111,7,0,None,-65.7777777777778
112.77777777777777,1,0,None,-127.77777777777777
90.55555555555556,0,1,None,-164.8888888888889
66.22222222222223,0,2,None,-185.11111111111111
30.22222222222222,10,0,None,-224.22222222222223
10.777777777777779,98,2,None,-232.33333333333337
14.0,131,1,Breathing,-197.33333333333331
25.777777777777775,157,4,Breathing,-137.55555555555557
42.888888888888886,360,3,Breathing,-67.77777777777777
83.44444444444444,420,0,Breathing,24.555555555555557
129.33333333333331,466,2,Breathing,155.55555555555551
180.7777777777778,548,0,Breathing,257.2222222222223
241.7777777777778,602,4,Breathing,333.2222222222223
308.44444444444446,623,0,Breathing,412.0
376.55555555555554,519,2,Breathing,470.77777777777777
423.3333333333333,337,2,Breathing,458.99999999999994
446.1111111111111,254,1,Breathing,403.77777777777777
457.22222222222223,140,3,Breathing,324.11111111111114
432.77777777777777,96,21,Breathing,173.77777777777774
394.4444444444444,36,166,Breathing,-13.111111111111143
328.44444444444446,48,858,Breathing,-218.11111111111111
177.55555555555554,24,1225,Breathing,-473.55555555555554
-22.333333333333343,15,1465,Breathing,-751.1111111111111
-252.66666666666669,27,1513,Breathing,-1043.5555555555557
-475.2222222222223,25,1667,Breathing,-1247.888888888889
-694.8888888888889,29,763,Breathing,-1406.111111111111
-804.5555555555555,54,447,Breathing,-1409.4444444444446
-863.4444444444445,60,1102,Breathing,-1232.0
-987.5555555555555,42,1410,Breathing,-1051.2222222222222
-1125.111111111111,41,1758,Breathing,-824.3333333333335
-1225.888888888889,24,1923,Breathing,-504.8888888888887
-1303.4444444444446,26,2125,Breathing,-140.1111111111113
-1375.5555555555557,36,2386,Breathing,138.8888888888889
-1471.5555555555557,9,2483,Breathing,299.8888888888888
-1564.0,0,2388,Breathing,512.8888888888889
-1747.7777777777778,6,2217,Breathing,510.33333333333337
-1949.7777777777778,5,2379,Breathing,317.11111111111086
-2097.777777777778,5,2463,Breathing,170.88888888888914
-2218.888888888889,3,2752,Breathing,29.11111111111086
-2333.5555555555557,0,2775,Breathing,-111.33333333333337
-2430.8888888888887,3,2851,Breathing,-258.33333333333303
-2514.1111111111113,7,2943,Breathing,-195.33333333333337
-2579.222222222222,3,2342,Breathing,-21.33333333333303
-2564.222222222222,25,2550,Breathing,110.0
-2579.4444444444443,2,2758,Breathing,262.11111111111154
-2640.0,5,3039,Breathing,417.44444444444457
-2713.3333333333335,19,4086,Breathing,511.88888888888846
-2892.1111111111113,0,4660,Breathing,465.3333333333335
-3104.4444444444443,4,5549,Breathing,336.7777777777778
-3412.222222222222,1,5653,Breathing,18.888888888888687
-3723.777777777778,1,5677,Breathing,-378.0
-4028.222222222222,0,5773,Breathing,-758.7777777777778
-4409.777777777778,0,5355,Breathing,-1230.0000000000005
-4724.222222222222,7,4300,Breathing,-1471.5555555555552
-4895.0,157,3055,Breathing,-1484.1111111111113
-4879.888888888889,107,2742,Breathing,-1185.2222222222217
-4720.777777777778,456,543,Breathing,-619.0000000000005
-4212.666666666667,2182,46,Breathing,340.7777777777774
-3359.222222222222,2545,143,Breathing,1898.555555555556
-2464.333333333333,2305,311,Compression,3404.222222222222
-1612.111111111111,1707,261,None,4671.111111111111
-810.0,853,1065,None,5766.333333333334
-238.55555555555543,353,1304,None,6314.333333333333
132.77777777777783,119,670,None,6136.0
393.55555555555566,184,664,None,5220.444444444444
632.9999999999999,381,1157,None,4094.3333333333335
556.4444444444445,300,1608,None,2353.0
173.77777777777783,682,2056,None,-66.77777777777828
-245.77777777777771,677,2218,None,-2267.111111111111
-638.5555555555557,911,1593,None,-4054.2222222222217
-875.0000000000001,634,1231,None,-5338.444444444444
-917.7777777777778,1263,292,None,-6033.000000000001
-704.2222222222223,2559,3,None,-5606.111111111111
-358.9999999999999,3882,4,None,-4285.555555555556
125.22222222222217,5037,5,None,-2726.333333333333
770.5555555555557,3845,13,None,-759.4444444444442
1341.6666666666667,2779,9,None,1232.8888888888891
1802.1111111111113,1589,269,Compression,2727.1111111111113
2120.0,1138,176,None,3595.5555555555557
2302.666666666667,322,498,None,3930.2222222222226
2349.4444444444443,103,1209,None,3775.0
2118.666666666667,59,2349,None,2608.777777777778
1580.2222222222222,19,2814,None,771.3333333333333
838.7777777777778,22,3613,None,-1334.3333333333335
-119.33333333333348,18,3993,None,-3648.444444444445
-986.7777777777778,49,3246,None,-5506.111111111111
-1649.7777777777778,446,2473,None,-6719.111111111111
-2021.6666666666665,257,1625,None,-6964.555555555555
-2280.5555555555557,727,481,None,-6522.444444444445
-2233.666666666667,2158,91,None,-5296.666666666667
-1881.1111111111113,3315,41,None,-3109.888888888889
-1262.888888888889,3248,75,None,-514.666666666667
-599.7777777777778,2147,42,None,2013.3333333333335
33.111111111111086,1694,209,Compression,4294.11111111111
639.7777777777777,861,462,None,6209.777777777778
1039.3333333333333,464,457,None,7272.222222222223
1265.3333333333333,69,694,None,7286.777777777778
1347.8888888888887,67,1025,None,6471.555555555556
1214.111111111111,142,1398,None,4886.333333333334
844.8888888888889,11,2080,None,2573.5555555555557
251.22222222222217,85,2187,None,-112.44444444444457
-334.8888888888889,289,2312,None,-2424.2222222222226
-793.5555555555557,475,1813,None,-4113.666666666667
-1107.2222222222222,329,1123,None,-5375.444444444444
-1239.7777777777778,895,329,None,-5726.88888888889
-1177.6666666666665,2097,91,None,-5169.0
-885.3333333333333,3286,16,None,-3747.333333333333
-415.55555555555554,3259,51,None,-1894.5555555555554
80.44444444444457,2698,10,None,62.2222222222224
608.9999999999999,1465,155,None,2104.777777777778
988.1111111111112,887,384,Compression,3602.1111111111113
1268.7777777777778,363,488,None,4505.333333333334
1403.5555555555557,66,971,None,4744.0
1391.2222222222222,77,1812,None,4260.666666666666
1135.5555555555557,1,2591,None,3077.6666666666665
624.8888888888889,86,2511,None,1152.4444444444443
-7.888888888888914,128,2710,None,-915.3333333333334
-651.2222222222222,119,2504,None,-2794.0
-1214.888888888889,125,1611,None,-4334.666666666666
-1525.5555555555554,383,1374,None,-5144.666666666666
-1691.5555555555554,244,200,None,-5273.555555555555
-1672.7777777777778,1473,148,None,-4586.555555555556
-1425.0,2947,0,None,-3223.8888888888887
-904.7777777777778,2751,27,None,-1308.6666666666667
-314.33333333333337,1886,53,None,884.6666666666664
158.77777777777771,1260,315,Compression,2680.333333333333
550.6666666666666,860,361,None,4162.222222222222
871.1111111111111,174,303,None,5162.333333333334
1021.8888888888889,78,1020,None,5363.666666666666
1027.3333333333333,86,1763,None,4759.222222222223
836.1111111111111,27,1840,None,3448.111111111111
487.44444444444446,16,2429,None,1745.7777777777778
-108.11111111111109,177,2269,None,-405.22222222222194
-643.2222222222222,497,2080,None,-2414.8888888888887
-1022.7777777777778,570,1568,None,-3729.0
-1238.6666666666667,477,976,None,-4508.222222222223
-1349.5555555555557,617,203,None,-4729.555555555556
-1289.2222222222222,2322,18,None,-4223.555555555556
-928.5555555555557,3035,45,None,-2752.5555555555557
-410.0,3091,47,None,-917.2222222222223
129.66666666666652,1888,42,None,823.7777777777777
602.8888888888888,1660,303,Compression,2500.3333333333335
986.1111111111111,1181,451,None,3850.0
1243.111111111111,657,526,None,4577.0
1368.5555555555557,52,482,None,4563.111111111111
1376.2222222222222,54,863,None,3971.8888888888887
1240.3333333333335,51,1736,None,2887.3333333333335
797.1111111111112,2,2433,None,1014.6666666666671
194.77777777777771,260,2625,None,-1024.5555555555557
-406.2222222222222,204,2192,None,-2801.7777777777774
-832.2222222222222,190,1290,None,-4042.3333333333335
-1105.2222222222222,246,613,None,-4817.111111111111
-1227.111111111111,728,204,None,-4999.777777777777
-1183.4444444444443,1928,110,None,-4277.666666666667
-933.6666666666667,4051,69,None,-2914.6666666666665
-401.33333333333326,4196,90,None,-1105.777777777778
242.1111111111111,3526,4,None,880.1111111111107
903.5555555555555,2426,2,Compression,2800.111111111111
1435.6666666666667,1493,22,None,4312.111111111111
1820.0000000000002,838,406,None,5204.222222222223
1990.2222222222224,244,392,None,5405.333333333333
2014.5555555555554,3,643,None,4883.333333333333
1885.2222222222224,28,1559,None,3623.666666666667
1513.111111111111,5,2203,None,1738.0
826.4444444444446,9,2059,None,-614.1111111111111
142.44444444444446,31,1801,None,-2751.888888888889
-445.55555555555554,166,1450,None,-4444.555555555556
-857.5555555555557,133,580,None,-5534.888888888889
-1070.6666666666667,236,111,None,-5959.333333333334
-1104.7777777777778,1377,56,None,-5541.777777777777
-941.5555555555554,2376,20,None,-4183.888888888889
-608.6666666666666,2676,43,None,-2394.2222222222226
-146.0,2271,33,None,-310.0
346.888888888889,1580,273,None,1813.666666666667
719.8888888888889,965,140,Compression,3468.1111111111113
1008.2222222222222,256,165,None,4548.777777777777
1161.0,46,263,None,4974.666666666666
1186.5555555555554,93,647,None,4751.111111111111
1111.111111111111,87,1668,None,3875.0
788.6666666666667,63,2155,None,2209.777777777778
294.44444444444446,239,2194,None,325.66666666666663
-215.33333333333337,1027,2023,None,-1523.1111111111113
-574.6666666666667,2345,1376,None,-2940.1111111111113
-612.2222222222222,3434,1139,None,-3589.333333333333
-448.8888888888888,3865,322,None,-3672.9999999999995
-65.33333333333348,3209,9,None,-2956.5555555555557
314.3333333333335,4835,0,None,-1775.333333333333
913.1111111111109,4634,7,None,-128.66666666666686
1602.8888888888887,3500,39,None,1735.7777777777778
2219.8888888888887,2279,202,Compression,3257.5555555555557
2667.8888888888887,1569,207,None,4340.333333333333
2929.8888888888887,942,242,None,4730.888888888889
2900.0,276,540,None,4384.444444444444
2615.6666666666665,48,557,None,3262.5555555555557
2165.4444444444443,79,1293,None,1416.5555555555559
1675.0,133,2270,None,-564.7777777777778
900.3333333333335,304,2948,None,-2895.9999999999995
92.44444444444446,406,2797,None,-5015.0
-557.7777777777777,1180,2272,None,-6289.888888888889
-909.8888888888888,1636,2119,None,-6642.333333333332
-1114.888888888889,1991,2046,None,-6275.555555555555
-1198.7777777777778,2168,1690,None,-5459.444444444443
-1116.3333333333333,2398,1790,None,-3719.2222222222226
-992.2222222222224,1989,1047,None,-1647.2222222222226
-752.6666666666667,1810,1070,None,349.99999999999955
-433.0,1545,530,None,2244.444444444444
-26.44444444444457,1047,428,Compression,3925.8888888888882
308.0,600,447,None,4964.555555555555
446.33333333333326,267,577,None,5088.222222222223
465.55555555555566,93,903,None,4738.111111111111
381.66666666666663,128,1291,None,4008.1111111111113
199.33333333333326,82,1598,None,2649.0
-36.66666666666674,108,1716,None,1074.4444444444448
-320.0,102,1587,None,-433.111111111111
-567.2222222222222,196,1531,None,-1490.4444444444443
-828.3333333333334,604,1440,None,-2382.3333333333335
-990.0,379,1070,None,-2878.4444444444443
-1083.7777777777776,678,125,None,-2845.7777777777774
-987.8888888888889,1511,125,None,-2409.0
-743.8888888888889,2210,148,None,-1558.2222222222224
-385.55555555555566,1857,173,None,-450.66666666666674
-30.0,1509,196,None,808.5555555555555
294.55555555555554,1170,453,None,1912.5555555555557
539.2222222222223,711,481,Compression,2636.555555555555
713.1111111111111,565,297,None,2994.8888888888887
835.7777777777778,81,301,None,2951.3333333333335
888.1111111111112,28,691,None,2556.7777777777774
753.0,147,1268,None,1734.2222222222222
474.4444444444445,158,1477,None,603.7777777777779
98.77777777777783,162,1347,None,-622.1111111111109
-220.0,593,1167,None,-1731.4444444444443
-429.6666666666667,1274,466,None,-2550.0
-419.5555555555556,1102,80,None,-2930.6666666666665
-331.5555555555555,2394,5,None,-2785.5555555555557
-95.88888888888891,2097,38,None,-2150.0
157.33333333333337,2416,0,None,-1215.1111111111113
499.44444444444434,1988,5,None,-63.55555555555566
844.3333333333334,1703,28,None,1094.111111111111
1177.0,1313,214,None,2037.0
1430.7777777777778,1084,149,Compression,2695.4444444444443
1598.4444444444446,383,679,None,2959.7777777777783
1475.7777777777778,132,624,None,2626.1111111111113
1307.5555555555557,27,1401,None,1892.6666666666667
889.4444444444443,36,1626,None,615.4444444444443
484.0,14,2271,None,-751.5555555555555
-35.222222222222285,15,2289,None,-2185.4444444444443
-508.2222222222222,58,2261,None,-3380.666666666667
-939.1111111111111,274,1411,None,-4011.444444444445
-1187.5555555555554,168,772,None,-4257.444444444444
-1358.5555555555557,587,266,None,-3942.333333333333
-1290.0,1258,160,None,-3092.4444444444443
-1113.3333333333333,2085,117,None,-1886.2222222222222
-741.9999999999999,1652,152,None,-278.8888888888887
-398.66666666666674,1946,429,None,1233.4444444444446
20.66666666666663,1142,358,Compression,2674.2222222222217
360.44444444444446,848,510,None,3825.6666666666665
642.7777777777778,223,648,None,4347.666666666667
721.8888888888889,8,1202,None,4330.333333333333
656.3333333333333,14,1432,None,3646.333333333333
463.1111111111111,45,2013,None,2635.777777777778
122.44444444444446,3,2266,None,1179.888888888889
-347.66666666666663,48,2332,None,-474.33333333333337
-768.1111111111111,23,2073,None,-1951.3333333333333
-1164.4444444444443,79,1598,None,-3094.555555555555
-1420.3333333333335,455,910,None,-3795.666666666667
-1508.4444444444443,166,357,None,-3904.333333333333
-1482.4444444444446,1049,25,None,-3440.1111111111113
-1236.0,2531,24,None,-2286.6666666666665
-799.8888888888889,2210,76,None,-893.5555555555557
-344.111111111111,2373,62,None,718.5555555555554
164.1111111111111,1667,80,None,2292.5555555555557
594.2222222222223,1015,241,Compression,3513.5555555555557
908.0,657,274,None,4276.777777777777
1119.3333333333333,121,216,None,4432.0
1159.3333333333335,39,586,None,3930.777777777778
1119.7777777777778,58,1162,None,3068.7777777777783
883.3333333333335,6,1532,None,1607.5555555555557
435.2222222222222,137,1492,None,-127.2222222222224
47.55555555555566,301,1518,None,-1680.7777777777778
-344.44444444444446,798,1094,None,-3048.2222222222226
-553.6666666666666,831,906,None,-3815.666666666667
-648.0,736,281,None,-4158.222222222223
-640.0,1726,13,None,-3878.666666666667
-439.1111111111112,3205,1,None,-2833.5555555555557
-22.33333333333337,4027,5,None,-1533.7777777777778
547.2222222222222,3876,24,None,172.44444444444423
1144.7777777777778,2327,23,None,1857.4444444444446
1551.3333333333335,1508,251,Compression,3059.777777777778
1826.222222222222,866,228,None,3930.0
1930.0,350,406,None,4082.1111111111113
1932.111111111111,125,816,None,3722.2222222222226
1804.7777777777778,24,1091,None,2780.888888888889
1495.888888888889,5,1653,None,1225.4444444444443
956.7777777777776,7,2022,None,-524.6666666666669
286.0,4,1886,None,-2431.8888888888887
-351.1111111111111,27,2020,None,-3979.5555555555557
-828.5555555555557,50,1922,None,-4960.0
-1176.2222222222222,49,1232,None,-5447.222222222223
-1378.5555555555557,101,629,None,-5243.555555555556
-1431.0,943,59,None,-4342.222222222223
-1256.0,1860,26,None,-2799.5555555555557
-933.6666666666666,1850,15,None,-933.6666666666667
-546.6666666666666,1623,37,None,876.4444444444448
-146.55555555555554,1434,750,Compression,2569.8888888888887
138.55555555555554,810,637,None,3798.222222222222
379.2222222222223,391,495,None,4570.888888888889
575.6666666666667,76,589,None,4812.666666666667
650.1111111111111,93,823,None,4458.222222222223
627.6666666666667,43,1356,None,3562.1111111111113
383.55555555555554,322,1768,None,2072.1111111111113
19.111111111111086,303,2110,None,463.1111111111111
-385.55555555555554,776,2246,None,-1046.6666666666667
-725.1111111111111,975,1722,None,-2330.4444444444443
-884.1111111111111,1006,990,None,-3051.3333333333335
-901.5555555555554,731,373,None,-3339.444444444445
-850.2222222222223,1910,39,None,-3065.444444444445
-585.3333333333334,3064,21,None,-2188.222222222222
-166.1111111111112,3518,0,None,-954.888888888889
370.66666666666674,2941,18,None,565.6666666666667
856.1111111111112,1733,110,None,1859.6666666666667
1237.2222222222222,1055,180,Compression,2903.5555555555557
1497.7777777777776,1038,588,None,3648.777777777778
1630.7777777777776,555,548,None,3750.333333333333
1629.7777777777778,249,585,None,3325.111111111111
1552.6666666666667,72,1027,None,2415.777777777778
1238.6666666666667,30,1344,None,986.9999999999999
754.5555555555554,33,1481,None,-702.1111111111112
202.77777777777771,55,1693,None,-2390.777777777778
-304.0,70,1321,None,-3675.0
-623.3333333333333,334,1083,None,-4391.888888888889
-803.7777777777776,289,382,None,-4704.444444444444
-864.1111111111112,1085,55,None,-4318.888888888889
-750.4444444444445,1992,7,None,-3300.8888888888887
-492.55555555555554,3113,0,None,-1877.333333333333
-40.55555555555554,3176,8,None,-119.11111111111086
457.44444444444434,2212,19,None,1563.4444444444443
862.0000000000001,1661,8,Compression,2960.7777777777774
1227.6666666666667,1214,4,None,4026.5555555555557
1501.111111111111,846,26,None,4504.666666666666
1675.4444444444443,335,25,None,4524.444444444443
1720.2222222222222,24,62,None,3863.5555555555557
1601.5555555555554,9,958,None,2649.1111111111113
1275.5555555555557,1,1303,None,1108.888888888889
785.0,15,1463,None,-706.1111111111112
272.11111111111114,126,1326,None,-2309.7777777777774
-104.88888888888891,262,1100,None,-3446.111111111111
-381.6666666666667,302,611,None,-4193.666666666667
-550.4444444444445,468,535,None,-4403.555555555556
-649.0,770,32,None,-4092.5555555555557
-601.4444444444445,996,29,None,-3147.222222222222
-489.77777777777777,1236,28,None,-1905.9999999999998
-250.1111111111111,1605,41,None,-558.7777777777777
68.33333333333326,1262,86,None,892.6666666666667
359.8888888888889,728,236,None,2139.3333333333335
547.8888888888889,263,225,Compression,2977.222222222222
645.2222222222223,137,567,None,3348.5555555555557
631.7777777777778,11,1008,None,3273.555555555555
528.4444444444443,8,1834,None,2703.1111111111113
243.55555555555554,13,1786,None,1561.6666666666667
-60.8888888888888,4,2060,None,341.1111111111112
-423.55555555555554,2,2173,None,-826.2222222222223
-838.5555555555554,83,1569,None,-1933.7777777777776
-1134.3333333333333,261,621,None,-2676.4444444444443
-1229.0,1159,138,None,-2954.333333333333
-1119.7777777777778,1714,66,None,-2610.0
-888.8888888888889,2373,46,None,-1949.5555555555557
-519.5555555555557,2567,61,None,-874.5555555555555
-38.22222222222217,1968,101,None,625.111111111111
366.2222222222223,1578,125,None,1921.3333333333333
756.1111111111112,931,148,Compression,2956.5555555555557
1084.3333333333335,496,165,None,3687.8888888888887
1286.2222222222222,301,230,None,3941.2222222222226
1334.111111111111,76,482,None,3611.1111111111113
1175.5555555555557,19,1085,None,2577.1111111111113
873.9999999999999,39,1624,None,1335.7777777777776
439.3333333333333,23,1825,None,-220.77777777777783
-39.33333333333337,232,1476,None,-1924.0
-385.0,622,1211,None,-3171.777777777778
-611.8888888888889,262,756,None,-3931.1111111111113
-753.7777777777778,628,164,None,-4133.444444444445
-739.0,1395,62,None,-3788.111111111111
-598.7777777777778,1570,117,None,-2891.777777777778
-392.2222222222223,1232,169,None,-1566.6666666666665
-155.66666666666663,1256,182,None,-278.44444444444423
139.77777777777771,873,521,None,1068.4444444444443
379.1111111111111,690,393,None,2256.5555555555557
550.3333333333333,213,503,Compression,2960.5555555555557
583.5555555555555,90,920,None,3128.333333333333
546.2222222222222,27,1086,None,2867.777777777778
376.99999999999994,17,1578,None,2145.6666666666665
55.44444444444446,17,1847,None,953.7777777777778
-309.33333333333337,24,1779,None,-335.55555555555554
-622.4444444444446,77,1882,None,-1402.1111111111113
-942.3333333333334,249,1172,None,-2277.5555555555557
-1084.0,185,312,None,-2763.1111111111113
-1131.111111111111,1631,70,None,-2797.4444444444443
-925.4444444444445,2367,43,None,-2163.222222222222
-574.9999999999999,3408,21,None,-1204.111111111111
-81.0,3059,36,None,8.777777777777999
428.33333333333326,2221,20,None,1455.0
876.2222222222222,1401,16,Compression,2648.666666666667
1225.111111111111,807,22,None,3529.0
1512.888888888889,586,100,None,3964.222222222222
1669.4444444444446,87,281,None,3874.6666666666665
1662.0,10,712,None,3251.1111111111113
1410.5555555555557,63,1328,None,1963.1111111111113
1011.7777777777778,18,2100,None,401.2222222222222
404.1111111111111,10,2244,None,-1362.4444444444446
-180.0,1,2388,None,-3063.5555555555557
-689.7777777777777,31,2027,None,-4319.444444444444
-1065.4444444444446,158,1441,None,-5083.666666666667
-1295.2222222222222,186,1102,None,-5144.111111111111
-1451.0,1326,587,None,-4707.222222222223
-1347.3333333333335,1927,44,None,-3494.4444444444443
-1060.111111111111,2245,8,None,-1862.3333333333337
-671.0,1591,16,None,-116.77777777777783
-264.66666666666663,1349,117,None,1621.7777777777778
120.44444444444446,883,321,Compression,3108.5555555555557
448.1111111111111,547,572,None,4258.333333333333
667.1111111111112,221,745,None,4741.888888888889
751.4444444444446,181,1260,None,4517.333333333334
733.3333333333333,159,1649,None,3867.111111111111
485.66666666666663,122,2175,None,2501.777777777778
48.33333333333337,214,2425,None,807.9999999999999
-445.8888888888889,239,2399,None,-912.7777777777776
-860.8888888888889,252,2383,None,-2328.777777777778
-1234.5555555555557,254,1825,None,-3401.666666666667
-1471.5555555555557,256,742,None,-4104.0
-1522.7777777777778,1626,163,None,-4022.888888888889
-1302.0,2779,32,None,-3161.8888888888887
-876.888888888889,3385,13,None,-1835.3333333333333
-336.66666666666674,3423,2,None,-226.1111111111111
271.55555555555566,2389,1,None,1578.2222222222222
782.5555555555557,1248,77,Compression,3148.1111111111113
1152.6666666666667,993,190,None,4203.444444444445
1478.6666666666667,1666,179,None,4766.666666666667
1818.4444444444443,2373,483,None,4900.222222222223
2082.444444444445,3803,160,None,4427.555555555556
2324.6666666666665,3761,466,None,3403.4444444444443
2385.5555555555557,3626,954,None,2034.0000000000002
2307.7777777777774,2728,1114,None,630.8888888888887
2107.0,2671,1260,None,-877.7777777777783
1998.4444444444443,1762,901,None,-2074.1111111111113
1964.0000000000002,4391,687,None,-2793.888888888889
2286.333333333333,4693,100,None,-2819.0
2631.4444444444443,2757,90,None,-2449.444444444445
2717.7777777777774,2111,62,None,-2009.1111111111118
2540.6666666666665,1536,43,None,-1619.4444444444443
2340.4444444444443,1175,63,None,-1261.0
2167.1111111111113,955,349,None,-951.9999999999995
2055.1111111111113,459,743,None,-859.555555555555
1866.7777777777778,312,1025,None,-944.6666666666665
1691.888888888889,114,1186,None,-907.4444444444439
1161.2222222222222,44,1684,None,-1341.1111111111109
468.6666666666665,43,1909,None,-2117.6666666666665
-35.0,87,2039,None,-2612.1111111111113
-479.55555555555554,76,2153,None,-2968.3333333333335
-876.2222222222222,80,2684,None,-3085.0
-1289.111111111111,228,2648,None,-3184.1111111111113
-1625.3333333333335,276,3131,None,-2555.333333333334
-1911.0,627,3264,None,-1615.0
-2124.777777777778,1211,2950,None,-1063.8888888888896
-2198.8888888888887,1525,1572,None,-339.8888888888887
-2021.8888888888891,2336,649,None,726.1111111111109
-1627.1111111111113,2204,1611,None,1864.1111111111113
-1344.3333333333335,1510,2027,None,2815.666666666667
-1171.0,871,2658,None,3483.0
-1080.222222222222,473,4218,None,4025.555555555556
-1227.4444444444446,440,3932,None,3758.0
-1298.2222222222224,23,3908,None,3103.333333333333
-1436.8888888888887,13,3636,None,2280.0000000000005
-1646.2222222222224,9,2911,None,1417.4444444444443
-1963.4444444444443,161,2076,None,353.2222222222226
-2363.6666666666665,60,1828,None,-945.4444444444443
-2626.0,334,1256,None,-1679.5555555555554
-2671.0,905,819,None,-2112.7777777777774
-2462.888888888889,460,544,None,-2070.5555555555566
-2056.1111111111113,1215,332,None,-1381.333333333333
-1570.0,2311,76,None,-330.2222222222224
-890.0000000000001,2835,44,None,1283.444444444444
-177.33333333333326,3068,97,Compression,2750.5555555555557
475.2222222222222,2983,166,None,3938.6666666666665
1001.0000000000001,2723,55,None,4747.333333333334
1493.8888888888887,2301,78,None,4948.555555555556
1843.3333333333333,1688,287,None,4786.11111111111
1989.4444444444443,1000,144,None,3905.4444444444453
2093.8888888888887,196,356,None,2681.111111111111
1978.0,16,552,None,1109.3333333333335
1670.111111111111,86,1038,None,-804.5555555555552
1254.2222222222222,31,1479,None,-2688.333333333333
763.2222222222222,225,1491,None,-4226.333333333333
309.55555555555554,117,1698,None,-5143.777777777778
-162.55555555555554,387,1379,None,-5806.444444444444
-519.7777777777778,285,964,None,-5911.111111111111
-750.8888888888889,774,597,None,-5300.444444444444
-826.3333333333335,963,110,None,-4351.777777777777
-713.7777777777777,1349,64,None,-2979.777777777778
-511.44444444444446,1397,14,None,-1490.111111111111
-252.0,785,138,None,150.22222222222217
-19.22222222222217,427,510,None,1580.666666666667
112.22222222222229,340,633,Compression,2543.0
255.33333333333326,680,763,None,3338.111111111111
356.33333333333337,1132,824,None,3567.888888888889
466.0,652,1354,None,3398.4444444444443
368.33333333333337,359,1654,None,2700.888888888889
129.66666666666663,306,2019,None,1625.8888888888887
-203.44444444444446,102,2521,None,505.33333333333326
-625.8888888888888,688,2239,None,-791.7777777777776
-870.1111111111112,1251,1750,None,-1727.0000000000002
-916.3333333333335,1541,1271,None,-2245.4444444444443
-853.7777777777777,733,849,None,-2303.777777777778
-857.4444444444445,1953,222,None,-2057.222222222222
-699.3333333333333,2194,26,None,-1473.3333333333333
-380.44444444444457,2702,481,None,-374.88888888888914
10.222222222222172,2224,1114,None,731.4444444444446
323.8888888888889,2219,1845,None,1555.8888888888891
634.2222222222222,1736,2410,None,2369.2222222222217
731.6666666666665,1499,2631,Compression,2815.5555555555557
661.3333333333335,1689,1893,None,2743.0
608.6666666666665,3238,1843,None,2211.222222222222
776.5555555555557,2667,1566,None,1753.4444444444443
706.5555555555554,1400,2263,None,878.5555555555553
369.7777777777776,255,2390,None,-509.8888888888887
-114.22222222222217,170,1970,None,-1726.2222222222222
-437.55555555555566,330,987,None,-2339.1111111111113
-552.1111111111111,1312,285,None,-2648.7777777777774
-363.1111111111111,1545,36,None,-2728.7777777777774
-69.66666666666652,3773,15,None,-2136.8888888888887
370.55555555555543,4778,9,None,-988.3333333333333
745.4444444444443,5104,6,None,93.33333333333303
1189.5555555555557,4803,7,None,1244.4444444444448
1818.3333333333333,3822,28,Compression,2634.8888888888887
2477.1111111111113,3450,65,None,3686.1111111111113
3053.222222222222,3021,73,None,4221.777777777777
3453.777777777778,2251,112,None,4244.0
3577.3333333333335,646,78,None,3971.5555555555557
3472.777777777778,475,52,None,3059.4444444444443
3102.222222222222,521,89,None,1283.1111111111113
2620.3333333333335,343,879,None,-716.4444444444443
1994.3333333333333,122,1329,None,-2686.0
1327.3333333333335,99,1862,None,-4496.888888888889
709.8888888888889,43,2725,None,-5707.666666666667
35.777777777777715,79,6181,None,-6559.888888888889
-969.7777777777778,163,3496,None,-7155.222222222223
-1577.7777777777778,258,1659,Breathing,-7030.0
-1796.5555555555554,432,3660,Breathing,-6074.11111111111
-2202.2222222222226,114,2974,Breathing,-4813.444444444445
-2568.0,36,4810,Breathing,-3421.1111111111113
-3038.8888888888887,10,5931,Breathing,-2015.7777777777774
-3562.6666666666665,3,4097,Breathing,-466.44444444444434
-3821.666666666667,3,1804,Breathing,623.5555555555557
-3723.777777777778,0,358,Breathing,1509.7777777777774
-3085.5555555555557,1,28,Compression,3188.6666666666674
-2718.222222222222,47,54,None,4047.8888888888896
-2563.3333333333335,68,53,None,4266.444444444443
-2203.0,103,46,None,4889.222222222223
-1878.888888888889,321,45,None,5220.666666666667
-1317.7777777777778,527,52,None,5480.666666666666
-607.1111111111111,590,39,None,5071.333333333334
-91.0,665,27,None,4871.111111111111
180.0,706,28,None,4670.555555555556
295.11111111111114,688,15,None,3381.4444444444443
372.8888888888889,673,13,None,2402.0
447.0,668,19,None,1289.2222222222226
517.4444444444445,600,0,None,-235.1111111111113
577.7777777777777,516,0,None,-1274.0000000000005
604.4444444444445,486,0,None,-1981.5555555555557
605.6666666666667,380,12,None,-2167.888888888889
585.3333333333334,296,1,None,-2414.777777777778
547.2222222222222,226,0,None,-2643.1111111111113
497.0,314,4,None,-2518.5555555555557
456.66666666666663,213,4,None,-2372.8888888888887
406.55555555555554,229,4,None,-1962.6666666666665
359.44444444444446,176,12,None,-1370.7777777777778
311.0,116,24,None,-943.1111111111111
263.8888888888889,101,22,None,-707.7777777777777
218.66666666666666,36,82,None,-588.8888888888889
172.66666666666666,23,149,None,-496.44444444444446
125.8888888888889,35,179,None,-380.8888888888888
84.77777777777777,20,110,None,-254.22222222222223
40.33333333333333,4,165,None,-149.5555555555556
-0.7777777777777715,5,245,None,-66.77777777777777
-52.444444444444436,12,233,None,-24.8888888888888
-95.22222222222223,26,250,None,6.444444444444514
-130.33333333333334,25,252,None,27.111111111110972
-164.33333333333334,9,292,None,29.22222222222223
-190.66666666666669,9,286,None,52.99999999999994
-207.44444444444443,29,298,None,74.0
-221.33333333333331,19,304,None,105.77777777777783
-242.99999999999997,12,297,None,122.88888888888891
-256.77777777777777,19,331,None,138.22222222222229
-264.77777777777777,9,251,None,170.66666666666666
-267.1111111111111,8,282,None,191.4444444444445
-272.66666666666663,6,303,None,191.00000000000003
-280.44444444444446,4,166,None,189.99999999999997
-267.0,3,310,None,207.0
-270.33333333333337,5,356,None,193.11111111111106
-279.44444444444446,1,394,None,154.2222222222222
-291.44444444444446,20,239,None,123.44444444444437
-284.11111111111114,0,201,None,114.99999999999991
-271.77777777777777,5,161,None,109.11111111111111
-262.22222222222223,12,112,None,81.22222222222217
-242.88888888888889,1,85,None,92.66666666666669
-219.22222222222223,8,117,None,119.33333333333337
-213.33333333333334,13,50,None,102.11111111111114
-183.33333333333331,9,44,None,114.33333333333343
-148.22222222222223,5,28,None,138.22222222222223
-107.11111111111111,27,29,None,179.44444444444449
-83.0,0,31,None,171.3333333333334
-64.11111111111111,8,31,None,146.44444444444443
-49.333333333333336,7,49,None,159.22222222222223
-42.88888888888889,3,39,None,112.99999999999994
-37.55555555555556,5,27,None,50.44444444444446
-27.888888888888886,7,34,None,1.1111111111111143
-26.777777777777775,12,16,None,-44.5555555555556
-23.333333333333336,5,30,None,-82.77777777777777
-23.555555555555557,13,10,None,-129.33333333333331
-23.0,15,12,None,-140.0
-19.22222222222222,1,24,None,-136.7777777777778
-19.22222222222222,3,20,None,-155.33333333333334
-16.444444444444446,3,4,None,-130.1111111111111
-12.555555555555557,0,38,None,-99.88888888888889
-14.333333333333334,27,4,None,-70.0
-8.777777777777779,3,24,None,-42.0
-10.666666666666664,1,20,None,-32.22222222222222
-10.0,5,10,None,-16.555555555555557
-10.888888888888888,0,52,None,-14.333333333333334
-17.0,14,183,None,-22.77777777777778
-33.22222222222222,5,279,None,-27.55555555555555
-61.777777777777786,11,60,None,-63.33333333333334
-67.11111111111111,13,208,None,-67.22222222222223
-84.55555555555554,7,235,None,-83.77777777777777
-112.44444444444444,1,19,None,-115.77777777777777
-112.11111111111111,61,1,None,-103.66666666666669
-103.33333333333333,108,2,None,-79.33333333333333
-91.0,133,8,None,-34.77777777777777
-71.33333333333334,34,1,None,0.22222222222221433
-48.888888888888886,9,1,None,54.55555555555555
-17.555555555555557,19,3,None,147.88888888888889
-10.333333333333336,22,3,None,158.22222222222223
13.444444444444446,20,15,None,191.33333333333331
39.33333333333333,22,0,None,231.88888888888889
43.77777777777778,51,0,None,210.22222222222223
42.77777777777778,31,2,None,161.77777777777777
34.22222222222222,48,1,None,81.0
25.555555555555554,40,1,None,40.11111111111112
26.22222222222222,10,6,None,-22.88888888888887
25.77777777777778,13,9,None,-108.44444444444443
24.444444444444446,9,13,None,-121.1111111111111
21.88888888888889,7,0,None,-137.66666666666669
22.111111111111114,16,0,None,-142.44444444444446
21.444444444444443,22,2,None,-119.22222222222223
18.0,5,15,None,-99.88888888888889
13.666666666666668,2,12,None,-63.888888888888886
7.333333333333334,17,6,None,-53.00000000000001
4.222222222222221,5,11,None,-30.444444444444443
3.1111111111111107,0,48,None,-5.4444444444444535
-2.666666666666668,7,94,None,-4.777777777777779
-11.88888888888889,0,118,None,-9.0
-25.77777777777778,14,67,None,-27.33333333333334
-33.44444444444444,10,93,None,-36.666666666666664
-44.88888888888889,14,89,None,-40.88888888888889
-52.111111111111114,10,103,None,-43.111111111111114
-61.33333333333333,7,77,None,-41.55555555555554
-70.33333333333333,2,39,None,-40.777777777777764
-73.77777777777777,8,25,None,-28.999999999999993
-70.33333333333333,10,59,None,-12.777777777777771
-66.11111111111111,15,40,None,8.666666666666664
-55.77777777777777,5,51,None,35.77777777777779
-55.0,11,77,None,47.1111111111111
-53.111111111111114,11,57,None,66.33333333333331
-49.888888888888886,5,74,None,79.11111111111111
-47.22222222222222,6,66,None,81.77777777777777
-46.111111111111114,8,81,None,78.44444444444444
-50.11111111111111,2,46,None,53.66666666666666
-53.111111111111114,0,50,None,38.77777777777777
-53.22222222222222,22,17,None,21.111111111111114
-49.888888888888886,0,20,None,3.666666666666657
-47.0,7,0,None,-6.111111111111107
-38.888888888888886,3,24,None,-9.999999999999986
-36.111111111111114,3,115,None,-9.888888888888893
-40.88888888888889,17,12,Breathing,-10.888888888888886
-33.66666666666667,13,4,Breathing,-0.44444444444444997
-24.555555555555557,24,26,Breathing,19.666666666666664
-19.88888888888889,126,29,Breathing,25.22222222222223
-3.5555555555555536,63,7,Breathing,35.44444444444444
2.1111111111111107,105,4,Breathing,38.22222222222223
15.555555555555557,150,7,Breathing,56.22222222222223
30.666666666666668,83,13,Breathing,57.111111111111114
40.77777777777777,116,1,Breathing,51.333333333333336
66.0,837,12,Breathing,73.66666666666666
157.1111111111111,638,3,Breathing,141.1111111111111
226.66666666666666,972,2,Breathing,199.22222222222223
334.66666666666663,541,2,Breathing,292.0
383.77777777777777,521,1,Breathing,317.77777777777777
435.3333333333333,436,11,Breathing,356.33333333333337
471.3333333333333,120,5,Breathing,348.8888888888889
468.22222222222223,12,258,Breathing,246.77777777777777
433.11111111111114,21,569,Breathing,141.11111111111114
359.44444444444446,23,869,Breathing,-61.111111111111086
173.7777777777778,3,1239,Breathing,-370.66666666666663
-34.11111111111114,11,1869,Breathing,-694.0
-348.33333333333337,9,2096,Breathing,-1138.7777777777778
-640.1111111111111,10,2429,Breathing,-1461.4444444444443
-966.6666666666666,9,2347,Breathing,-1794.3333333333335
-1273.6666666666667,17,2394,Breathing,-2038.4444444444443
-1550.5555555555554,11,2694,Breathing,-2035.4444444444443
-1821.3333333333333,3,2892,Breathing,-1993.6666666666665
-2081.444444444445,0,3239,Breathing,-1757.8888888888891
-2347.333333333333,9,3208,Breathing,-1497.222222222222
-2565.4444444444443,0,3592,Breathing,-1129.333333333333
-2758.111111111111,3,3521,Breathing,-664.7777777777774
-2917.1111111111113,13,4002,Breathing,-258.2222222222224
-3091.5555555555557,2,4557,Breathing,129.5555555555552
-3337.888888888889,7,5216,Breathing,376.6666666666665
-3652.555555555555,10,5611,Breathing,419.11111111111086
-3976.777777777778,1,6275,Breathing,375.8888888888887
-4352.888888888889,12,6900,Breathing,138.33333333333348
-4758.333333333334,0,6621,Breathing,-134.0000000000009
-5138.555555555556,0,6824,Breathing,-448.2222222222222
-5497.666666666667,0,6425,Breathing,-675.3333333333335
-5820.666666666667,1,5881,Breathing,-801.5555555555557
-6030.777777777777,79,5312,Breathing,-783.7777777777774
-6106.11111111111,145,4033,Breathing,-496.7777777777774
-5959.333333333333,231,2801,Breathing,104.22222222222308
-5622.555555555556,964,2053,Breathing,927.3333333333335
-5046.444444444444,821,550,Breathing,2046.0000000000005
-4251.0,2515,231,Breathing,3410.8888888888896
-3261.5555555555557,5898,4,Breathing,4816.222222222222
-1848.4444444444443,6144,0,Breathing,6417.444444444443
-451.88888888888914,4615,1,Breathing,7675.555555555555
714.1111111111113,4128,0,Breathing,8390.666666666666
1754.2222222222222,3196,28,Breathing,8553.888888888887
2538.222222222222,2482,116,Breathing,7990.222222222221
3086.666666666667,1865,63,Breathing,6832.222222222223
3407.8888888888887,754,11,Breathing,4805.1111111111095
3460.3333333333335,89,206,Breathing,2342.5555555555566
3193.5555555555557,76,1173,Breathing,-289.7777777777774
2416.777777777778,47,1940,Breathing,-3595.1111111111095
1523.7777777777778,60,3139,Breathing,-6521.888888888888
669.0,4,3423,Breathing,-8754.333333333334
-169.55555555555554,39,3329,Breathing,-10378.11111111111
-887.1111111111111,69,3174,Breathing,-11136.666666666668
-1495.0,60,1983,Breathing,-11036.777777777777
-1908.888888888889,217,311,Breathing,-9582.0
-2001.8888888888891,2256,51,Breathing,-7437.88888888889
-1743.8888888888891,3147,58,Breathing,-4892.333333333334
-1278.7777777777778,2308,67,Breathing,-1771.7777777777778
-819.4444444444445,1882,266,Breathing,1082.1111111111109
-297.7777777777778,1323,949,Compression,3614.888888888889
123.66666666666674,818,975,None,5610.0
471.7777777777777,50,784,None,6821.111111111111
735.2222222222222,4,1303,None,7167.666666666668
804.5555555555555,7,1905,None,6409.0
604.1111111111112,30,2336,None,4949.222222222223
102.8888888888888,180,2155,None,2813.5555555555557
-459.7777777777777,514,2698,None,525.7777777777778
-951.4444444444446,832,2305,None,-1490.8888888888887
-1294.6666666666665,645,1276,None,-3227.111111111111
-1406.3333333333335,1598,395,None,-4243.444444444444
-1255.2222222222222,2830,24,None,-4333.0
-861.8888888888889,4604,46,None,-3443.8888888888887
-211.1111111111111,5252,12,None,-1834.6666666666667
582.0,3641,11,None,109.88888888888891
1241.5555555555552,2753,45,None,2135.555555555555
1761.888888888889,1867,230,Compression,3751.666666666667
2186.444444444445,1341,167,None,4864.88888888889
2480.555555555555,587,271,None,5372.333333333333
2585.777777777778,335,488,None,5007.777777777778
2435.111111111111,4,1341,None,3712.4444444444443
1974.7777777777776,35,1819,None,1698.0
1270.111111111111,2,2395,None,-740.4444444444443
422.0,64,2947,None,-3297.8888888888896
-301.66666666666663,74,3079,None,-5318.444444444443
-936.4444444444443,187,2643,None,-6690.444444444444
-1391.2222222222222,193,1609,None,-7268.0
-1679.0,149,762,None,-6996.222222222221
-1782.2222222222222,1123,148,None,-5849.222222222223
-1656.8888888888887,2758,29,None,-3931.9999999999995
-1205.1111111111113,3504,40,None,-1636.666666666667
-622.0,2496,121,None,806.222222222222
-92.22222222222217,2118,244,Compression,3063.444444444445
436.33333333333326,1424,690,None,4897.555555555555
851.7777777777777,934,935,None,6156.222222222223
1124.5555555555554,365,1164,None,6607.777777777777
1193.111111111111,5,1490,None,6052.0
1096.2222222222222,8,2445,None,4770.555555555556
717.111111111111,0,2580,None,2888.2222222222217
127.22222222222217,81,2748,None,594.3333333333336
-554.0000000000001,34,2998,None,-1720.2222222222222
-1147.2222222222222,265,2147,None,-3570.7777777777774
-1564.5555555555557,541,1747,None,-4873.0
-1780.111111111111,421,1129,None,-5510.333333333333
-1858.6666666666667,410,331,None,-5357.222222222222
-1761.111111111111,1205,159,None,-4286.555555555556
-1479.8888888888887,2100,78,None,-2644.111111111111
-984.4444444444443,1439,476,None,-646.5555555555552
-590.7777777777778,960,847,None,1282.888888888889
-281.8888888888888,724,812,Compression,2904.0
37.66666666666663,96,1045,None,4168.111111111111
141.33333333333337,33,961,None,4660.111111111111
172.22222222222229,46,1805,None,4528.444444444444
55.44444444444434,19,2149,None,3615.666666666666
-190.0,104,2509,None,2289.1111111111113
-573.4444444444445,173,2600,None,634.3333333333329
-1067.7777777777778,395,2323,None,-1268.2222222222222
-1389.0,353,2023,None,-2504.1111111111113
-1587.111111111111,272,1198,None,-3257.5555555555557
-1680.2222222222222,336,12,None,-3632.0
-1538.7777777777778,2308,4,None,-3251.2222222222226
-1179.6666666666667,3563,2,None,-2258.3333333333335
-588.5555555555554,3429,28,None,-560.6666666666663
26.0,2170,15,None,1014.2222222222222
532.6666666666666,1871,181,None,2411.333333333333
990.1111111111111,1203,214,Compression,3775.7777777777774
1314.2222222222222,823,455,None,4383.333333333334
1540.6666666666667,317,714,None,4479.666666666667
1599.4444444444443,98,1336,None,3923.666666666666
1425.888888888889,3,1949,None,2748.666666666667
953.6666666666665,7,2560,None,1027.222222222222
274.33333333333326,8,2533,None,-1195.0
-384.1111111111111,22,2605,None,-3113.333333333333
-910.5555555555555,149,1810,None,-4571.0
-1282.888888888889,440,1192,None,-5552.666666666666
-1476.3333333333335,425,1123,None,-5755.222222222223
-1594.7777777777778,712,151,None,-5268.777777777777
-1488.3333333333333,2300,12,None,-3950.666666666666
-1096.5555555555554,2811,68,None,-2112.333333333333
-575.5555555555554,2730,8,None,-85.99999999999977
10.55555555555543,1909,54,None,2009.2222222222222
497.2222222222223,1580,499,Compression,3671.888888888889
904.3333333333334,1285,466,None,4950.333333333333
1179.888888888889,653,522,None,5550.555555555555
1278.0,350,422,None,5276.777777777777
1347.5555555555554,150,837,None,4471.555555555555
1208.888888888889,35,1419,None,2961.0
800.8888888888889,258,1676,None,1016.111111111111
338.55555555555554,677,1700,None,-900.7777777777779
-77.55555555555554,924,1779,None,-2550.8888888888887
-378.66666666666674,624,946,None,-3630.2222222222226
-534.5555555555555,612,278,None,-4381.222222222222
-588.4444444444443,2354,13,None,-4465.555555555556
-342.8888888888889,2746,35,None,-3518.333333333333
-33.66666666666674,4125,17,None,-2295.333333333333
499.1111111111112,3243,97,None,-621.6666666666667
1002.4444444444443,2460,4,None,1077.4444444444443
1432.888888888889,1688,69,Compression,2533.2222222222226
1726.4444444444443,1293,158,None,3572.333333333333
1947.5555555555554,901,25,None,3947.1111111111113
2080.6666666666665,139,103,None,3996.4444444444443
2047.5555555555554,154,371,None,3345.777777777778
1763.3333333333333,190,1385,None,1904.6666666666667
1329.3333333333333,152,1703,None,268.6666666666665
700.5555555555557,300,1881,None,-1602.5555555555557
175.33333333333337,129,1629,None,-3153.333333333333
-264.2222222222223,551,887,None,-4312.333333333334
-481.4444444444444,438,412,None,-4843.888888888889
-604.6666666666667,1103,32,None,-4658.444444444444
-583.0,3038,42,None,-4026.6666666666665
-254.1111111111111,3234,17,None,-2503.111111111111
127.44444444444446,3261,8,None,-808.7777777777777
621.6666666666666,2238,21,None,989.4444444444447
1040.3333333333335,1653,133,Compression,2547.6666666666665
1384.8888888888887,1094,202,None,3761.7777777777774
1650.6666666666667,710,301,None,4578.555555555556
1733.4444444444443,52,481,None,4516.555555555555
1682.8888888888887,22,1302,None,3923.4444444444443
1421.6666666666665,44,1616,None,2712.333333333333
914.1111111111112,83,2123,None,828.4444444444443
330.0,103,2586,None,-1006.9999999999997
-307.33333333333337,219,2261,None,-2843.888888888889
-780.5555555555557,306,1596,None,-4035.777777777778
-1092.7777777777778,308,1097,None,-4765.222222222223
-1279.5555555555557,476,319,None,-4934.888888888889
-1307.5555555555557,1297,63,None,-4209.222222222223
-1122.7777777777778,1606,1,None,-3008.222222222222
-802.2222222222223,2110,14,None,-1294.8888888888887
-394.66666666666674,1721,20,None,512.1111111111113
21.0,1529,34,None,2168.6666666666665
463.0000000000001,1317,259,Compression,3700.555555555556
807.4444444444446,674,243,None,4629.0
998.6666666666665,188,207,None,4897.111111111111
1084.2222222222222,19,754,None,4587.666666666666
985.1111111111111,57,1155,None,3601.444444444445
726.0000000000001,132,1407,None,2157.777777777778
406.00000000000006,280,1752,None,437.8888888888889
9.555555555555543,228,1640,None,-1183.7777777777778
-336.33333333333337,389,1222,None,-2448.777777777778
-595.0,433,692,None,-3421.777777777778
-741.3333333333333,961,109,None,-3841.444444444445
-694.5555555555555,3138,151,None,-3542.0
-360.55555555555554,3015,217,None,-2653.0
32.0,2843,273,None,-1357.3333333333335
439.55555555555566,2471,225,None,70.88888888888891
830.7777777777778,2024,256,None,1482.7777777777778
1190.7777777777778,1444,375,Compression,2730.0
1466.4444444444446,724,552,None,3496.0
1578.111111111111,53,697,None,3617.888888888889
1535.3333333333335,48,1521,None,3229.7777777777783
1277.0,36,2035,None,2258.0
722.9999999999999,179,2485,None,658.7777777777776
155.8888888888888,887,2496,None,-1057.3333333333335
-308.44444444444434,1580,2246,None,-2550.777777777778
-632.0,2914,1423,None,-3635.888888888889
-662.7777777777778,3319,698,None,-4130.222222222223
-490.3333333333335,4263,241,None,-3928.333333333334
-62.55555555555566,2927,143,None,-2724.222222222222
318.3333333333335,3034,44,None,-1340.8888888888887
814.2222222222224,5763,22,None,285.2222222222224
1674.222222222222,3825,53,None,2414.0
2349.5555555555557,2585,393,Compression,4047.2222222222226
2771.8888888888887,1512,795,None,5037.111111111111
2925.5555555555557,782,660,None,5198.222222222223
2773.4444444444443,393,1146,None,4653.222222222223
2398.5555555555557,191,2134,None,3351.666666666667
1735.7777777777776,49,2532,None,847.1111111111112
1150.5555555555557,124,2717,None,-1361.4444444444448
530.2222222222224,50,3113,None,-3364.333333333333
-448.0,218,3353,None,-5679.777777777777
-1215.4444444444443,341,3022,None,-7001.222222222223
-1756.888888888889,185,2507,None,-7417.666666666666
-2094.5555555555557,120,2750,None,-6818.444444444444
-2400.3333333333335,247,1739,None,-6006.0
-2482.4444444444443,1578,1287,None,-4597.0
-2234.222222222222,3236,1645,None,-1847.7777777777783
-1781.5555555555557,3547,1638,None,632.8888888888887
-1281.3333333333335,2656,1387,Compression,2717.2222222222217
-800.0,2456,1914,None,4668.111111111111
-391.44444444444457,1604,2301,None,5997.777777777777
-171.0,786,1678,None,6466.888888888889
-12.111111111111086,353,1769,None,6052.444444444444
122.77777777777783,40,1512,None,5455.222222222223
125.0,107,1565,None,4419.0
-69.33333333333326,281,1703,None,2516.8888888888887
-404.1111111111113,142,1594,None,553.4444444444446
-777.5555555555557,85,1378,None,-1082.111111111111
-1062.2222222222222,472,888,None,-2344.6666666666665
-1168.6666666666667,748,125,None,-3300.3333333333335
-1022.0,1939,182,None,-3458.4444444444443
-727.6666666666667,3003,114,None,-2880.4444444444443
-249.33333333333337,2833,199,None,-1749.5555555555557
206.8888888888889,2683,263,None,-421.8888888888889
637.7777777777778,2121,481,None,969.3333333333333
977.9999999999999,1839,509,None,2159.3333333333335
1287.111111111111,1261,383,Compression,2915.666666666667
1528.3333333333335,379,347,None,3306.1111111111113
1578.111111111111,136,593,None,3118.888888888889
1458.111111111111,20,1255,None,2398.2222222222226
1125.6666666666665,15,2162,None,1146.2222222222222
566.1111111111111,0,2257,None,-566.6666666666669
22.666666666666742,7,2447,None,-2248.888888888889
-517.3333333333333,150,2206,None,-3745.666666666667
-928.0,187,1670,None,-4652.777777777777
-1240.5555555555557,544,1196,None,-5007.777777777778
-1410.5555555555554,339,810,None,-4792.222222222222
-1466.4444444444446,1248,80,None,-3860.0
-1285.888888888889,1664,88,None,-2559.777777777778
-973.5555555555555,1603,32,None,-944.1111111111111
-560.4444444444443,1230,174,None,779.4444444444446
-192.33333333333337,1052,680,None,2312.666666666667
120.1111111111112,551,1014,Compression,3576.333333333333
297.1111111111112,146,956,None,4269.666666666667
371.8888888888889,86,1517,None,4356.444444444444
285.33333333333337,54,2196,None,3795.111111111111
99.66666666666663,110,2704,None,2692.666666666667
-318.33333333333326,118,2574,None,1182.5555555555557
-766.3333333333333,225,2534,None,-430.2222222222222
-1197.4444444444443,160,2663,None,-1862.1111111111113
-1592.888888888889,506,1477,None,-3013.0
-1742.111111111111,288,719,None,-3558.111111111111
-1738.5555555555557,1031,130,None,-3601.7777777777783
-1548.4444444444443,2482,13,None,-2887.8888888888887
-1115.1111111111113,3389,56,None,-1607.666666666667
-506.7777777777778,3535,68,None,30.555555555555543
166.66666666666674,3209,78,None,1885.5555555555557
787.4444444444443,4050,217,Compression,3416.0
1469.8888888888887,4183,62,None,4703.0
2205.8888888888887,4264,67,None,5719.11111111111
2780.1111111111113,2839,19,None,5922.666666666668
3141.3333333333335,2593,628,None,5486.333333333333
3259.5555555555557,2560,1092,None,4323.0
3148.333333333333,1758,1405,None,2709.666666666667
2817.222222222222,950,1772,None,656.666666666667
2340.6666666666665,1783,1675,None,-1624.7777777777774
2004.7777777777778,2932,1090,None,-3304.888888888889
1783.5555555555557,2691,608,None,-4566.222222222222
1557.1111111111113,2500,136,None,-5456.777777777777
1353.4444444444446,2360,9,None,-5690.111111111111
1301.3333333333335,2708,5,None,-5164.0
1383.3333333333335,2527,6,None,-4050.222222222222
1500.3333333333333,2715,24,None,-2865.333333333333
1760.1111111111113,1759,203,None,-1370.7777777777778
2024.3333333333333,1515,228,None,332.4444444444441
2155.333333333333,1376,593,None,1577.222222222222
2037.6666666666667,637,394,None,2094.1111111111113
1833.2222222222222,364,560,None,2152.333333333333
1548.7777777777776,95,927,None,1843.3333333333328
1195.111111111111,29,920,None,950.8888888888885
795.7777777777778,35,1251,None,-271.2222222222224
380.55555555555554,86,1452,None,-1270.333333333333
-70.22222222222229,362,1274,None,-2084.4444444444443
-344.44444444444446,856,1070,None,-2644.8888888888887
-511.22222222222223,1064,416,None,-2861.8888888888882
-526.2222222222222,2009,39,None,-2457.666666666666
-334.33333333333337,3499,6,None,-1580.0
75.55555555555566,4412,22,None,-353.4444444444441
655.7777777777777,3706,124,None,1291.0
1152.7777777777778,2938,98,None,2725.777777777778
1603.4444444444446,1690,137,None,3889.4444444444443
1927.7777777777778,1128,148,None,4561.888888888889
2138.0,389,398,None,4650.0
2160.777777777778,74,612,None,4145.222222222222
2029.0,27,1187,None,3094.5555555555557
1681.2222222222222,35,2071,None,1658.5555555555557
1066.888888888889,5,2317,None,-231.55555555555588
322.2222222222222,5,2830,None,-2331.5555555555557
-389.66666666666674,29,2536,None,-4024.8888888888887
-983.7777777777778,300,2318,None,-5259.222222222223
-1380.5555555555557,246,1510,None,-5863.555555555556
-1629.888888888889,679,404,None,-5783.444444444444
-1598.3333333333335,867,137,None,-4750.444444444444
-1457.4444444444443,1675,65,None,-3152.8888888888887
-1149.6666666666665,1791,56,None,-1288.4444444444441
-730.6666666666667,1928,39,None,789.666666666667
-263.8888888888888,1377,144,Compression,2722.2222222222226
187.0,814,441,None,4344.555555555556
507.0,443,483,None,5249.888888888889
726.7777777777778,174,375,None,5593.777777777777
844.8888888888889,66,603,None,5305.666666666666
754.6666666666667,30,1207,None,4150.555555555556
542.7777777777778,2,2103,None,2586.333333333333
130.44444444444446,9,2200,None,703.4444444444441
-305.7777777777778,11,2683,None,-1065.888888888889
-812.5555555555557,42,2444,None,-2656.0000000000005
-1216.4444444444443,55,1453,None,-3878.222222222222
-1413.2222222222224,385,564,None,-4273.222222222223
-1428.6666666666667,841,154,None,-4155.666666666666
-1330.0,1920,57,None,-3454.9999999999995
-1063.3333333333333,2369,77,None,-2242.8888888888887
-677.8888888888889,2516,63,None,-671.9999999999999
-171.8888888888888,2472,79,None,1101.111111111111
337.44444444444446,1604,76,Compression,2563.444444444445
804.1111111111111,1169,230,None,3772.1111111111113
1175.3333333333333,397,183,None,4566.666666666666
1354.4444444444443,288,206,None,4585.666666666667
1383.4444444444443,7,285,None,4032.7777777777783
1276.2222222222222,80,1496,None,2908.5555555555557
911.8888888888888,21,1938,None,1332.0
444.22222222222223,72,2361,None,-494.55555555555566
-82.66666666666663,49,2350,None,-2302.555555555555
-604.2222222222222,183,1672,None,-3709.3333333333335
-939.4444444444443,139,436,None,-4555.666666666667
-1076.7777777777778,957,177,None,-4858.333333333334
-1013.8888888888888,1408,10,None,-4343.555555555555
-867.6666666666667,2563,81,None,-3373.2222222222226
-561.0,2873,13,None,-1926.4444444444443
-85.8888888888888,2308,98,None,-56.11111111111097
372.6666666666665,1544,225,None,1671.9999999999998
773.5555555555555,789,289,Compression,3108.3333333333335
1084.7777777777778,640,295,None,4057.333333333333
1288.5555555555557,56,428,None,4479.111111111111
1280.2222222222222,5,1181,None,4194.222222222223
1062.888888888889,13,2031,None,3074.5555555555557
683.3333333333334,3,2681,None,1622.5555555555557
110.0,10,2780,None,-185.22222222222217
-515.5555555555555,10,2995,None,-2118.666666666667
-1092.7777777777778,15,2258,None,-3693.4444444444443
-1488.5555555555557,141,1784,None,-4619.111111111111
-1726.6666666666667,100,1066,None,-4888.222222222223
-1872.3333333333335,257,177,None,-4711.888888888889
-1822.111111111111,705,228,None,-3773.333333333333
-1638.4444444444446,1352,28,None,-2271.666666666667
-1267.111111111111,1900,72,None,-485.0
-766.4444444444443,1828,17,None,1385.666666666667
-257.44444444444446,1749,68,Compression,3069.5555555555557
261.0,1166,89,None,4514.666666666667
629.8888888888889,741,145,None,5220.777777777777
878.6666666666667,158,399,None,5306.666666666667
959.2222222222222,34,1020,None,4782.0
840.7777777777777,37,957,None,3539.333333333333
685.5555555555555,123,1833,None,2065.8888888888887
348.44444444444446,58,2519,None,261.7777777777778
-128.1111111111111,51,2942,None,-1480.111111111111
-650.5555555555555,135,2707,None,-2998.4444444444443
-1123.111111111111,199,1963,None,-4215.666666666667
-1438.7777777777776,213,986,None,-4731.555555555555
-1590.888888888889,936,110,None,-4793.555555555556
-1472.3333333333335,2544,14,None,-4047.1111111111113
-1081.6666666666667,2727,34,None,-2560.7777777777774
-680.2222222222222,2749,5,None,-972.6666666666667
-185.33333333333326,2609,33,None,850.3333333333334
374.33333333333326,2464,113,Compression,2571.111111111111
956.7777777777778,1951,230,None,4076.888888888889
1433.7777777777778,1046,84,None,4988.444444444444
1736.6666666666665,469,559,None,5097.888888888889
1812.5555555555557,240,718,None,4769.222222222223
1667.6666666666667,236,803,None,3673.777777777778
1323.5555555555557,126,1563,None,1902.7777777777783
864.6666666666666,58,1534,None,-62.4444444444448
395.7777777777777,42,1614,None,-1975.7777777777778
-65.11111111111109,36,725,None,-3614.8888888888887
-402.8888888888889,50,613,None,-4763.111111111111
-656.6666666666666,743,51,None,-5230.444444444444
-686.6666666666667,1941,50,None,-4828.555555555556
-466.5555555555556,2626,51,None,-3824.0
-127.33333333333326,2680,87,None,-2376.111111111111
223.77777777777783,2272,106,None,-660.3333333333335
624.1111111111111,1653,373,None,1119.1111111111113
930.3333333333333,1320,339,Compression,2625.0
1214.0,1025,96,None,3702.4444444444443
1393.7777777777778,141,399,None,4075.7777777777783
1427.6666666666665,25,995,None,3879.333333333333
1243.0,0,1744,None,3029.4444444444443
839.1111111111112,19,2068,None,1546.2222222222222
325.33333333333337,22,2251,None,-81.88888888888891
-210.44444444444446,42,2693,None,-1713.3333333333335
-745.6666666666667,317,2016,None,-3166.4444444444443
-1076.6666666666665,276,1561,None,-4091.333333333333
-1328.4444444444443,466,977,None,-4472.111111111111
-1488.4444444444446,1172,231,None,-4187.88888888889
-1355.2222222222222,1826,204,None,-3235.555555555555
-1067.2222222222222,2715,42,None,-1876.0
-576.4444444444445,3192,52,None,-45.77777777777783
0.11111111111108585,2869,6,None,1681.7777777777774
565.888888888889,2028,285,Compression,3318.777777777778
1054.111111111111,1421,26,None,4682.0
1397.888888888889,1204,146,None,5257.444444444444
1658.2222222222222,586,247,None,5296.888888888889
1752.6666666666665,7,487,None,4656.666666666667
1594.7777777777778,28,1333,None,3275.222222222222
1269.5555555555557,161,1708,None,1560.4444444444443
800.6666666666665,30,2357,None,-422.66666666666697
193.22222222222217,88,2455,None,-2281.4444444444443
-387.8888888888889,258,1484,None,-3940.4444444444443
-717.7777777777778,218,1175,None,-5013.0
-979.1111111111111,135,723,None,-5327.0
-1162.0,823,52,None,-5157.0
-1114.0,1319,378,None,-4243.777777777777
-956.1111111111111,1265,103,None,-2744.0
-681.9999999999999,1705,329,None,-997.7777777777777
-357.2222222222222,1288,517,None,614.0000000000002
-13.0,796,920,None,2170.777777777778
236.22222222222229,343,1005,Compression,3444.3333333333335
298.8888888888889,3,995,None,3883.333333333333
295.0,1,1471,None,3825.0
197.0,24,1791,None,3310.5555555555557
-85.0,5,2468,None,2186.8888888888887
-463.2222222222223,7,2934,None,699.111111111111
-917.5555555555555,3,2813,None,-859.6666666666669
-1382.6666666666665,15,2532,None,-2042.111111111111
-1748.0,16,2057,None,-3009.1111111111113
-1961.0,63,1126,None,-3556.222222222222
-2005.5555555555557,138,607,None,-3333.4444444444443
-1947.4444444444446,1449,229,None,-2735.333333333333
-1648.5555555555557,2140,52,None,-1610.0
-1220.2222222222222,2238,50,None,-109.77777777777783
-703.4444444444445,1949,39,None,1494.7777777777778
-166.0,1412,248,Compression,2948.777777777778
275.55555555555566,1269,261,None,3962.6666666666665
667.2222222222222,932,142,None,4657.666666666666
981.7777777777778,312,130,None,4788.333333333334
1120.111111111111,57,338,None,4260.888888888889
1141.0,59,799,None,3328.6666666666665
923.2222222222222,175,1385,None,1820.2222222222222
556.7777777777777,69,1873,None,118.77777777777783
113.22222222222217,89,1822,None,-1598.5555555555557
-291.55555555555554,156,1487,None,-3068.3333333333335
-568.7777777777777,315,1048,None,-3970.0000000000005
-762.2222222222222,493,507,None,-4517.888888888889
-851.5555555555555,1158,67,None,-4405.111111111111
-750.5555555555554,2527,66,None,-3647.6666666666665
-445.8888888888889,3332,6,None,-2403.5555555555557
5.888888888888914,3212,15,None,-791.7777777777777
495.55555555555554,2788,41,None,783.1111111111112
1001.2222222222222,2722,25,None,2317.4444444444443
1493.4444444444443,2058,51,Compression,3618.3333333333335
1864.3333333333333,1696,44,None,4303.777777777777
2129.333333333333,2390,32,None,4478.444444444444
2392.8888888888887,3943,51,None,4161.777777777777
2704.111111111111,6264,279,None,3515.8888888888882
3095.666666666667,2861,704,None,2653.5555555555557
2965.777777777778,2447,1362,None,1174.8888888888887
2731.1111111111113,1613,1544,None,-197.5555555555552
2433.5555555555557,1883,1433,None,-1459.2222222222217
2183.8888888888887,2364,1053,None,-2554.0
2106.5555555555557,1534,495,None,-3212.4444444444434
2038.4444444444443,875,171,None,-3632.4444444444443
1854.6666666666665,1812,9,None,-3498.111111111111
1622.5555555555552,1937,157,None,-3317.1111111111113
1155.3333333333333,1562,657,None,-3372.666666666667
1016.2222222222223,1416,1541,None,-2640.0
881.7777777777777,1101,2363,None,-2091.5555555555557
733.8888888888888,730,2566,None,-1608.7777777777783
479.8888888888888,512,1875,None,-1165.7777777777778
182.7777777777776,242,2019,None,-842.2222222222224
-130.1111111111111,24,3725,None,-228.22222222222194
-619.5555555555557,40,5122,None,-524.6666666666665
-1384.5555555555557,22,4724,None,-1157.7777777777774
-2104.777777777778,5,6064,None,-1560.4444444444443
-2878.5555555555557,28,4959,None,-2190.777777777778
-3412.5555555555557,34,3980,None,-2370.5555555555547
-3710.777777777778,27,2197,None,-2276.1111111111113
-3747.8888888888887,24,1386,None,-1753.5555555555552
-3747.777777777778,134,511,None,-923.4444444444448
-3592.222222222222,668,48,None,-202.0
-3112.111111111111,2003,111,None,1402.2222222222226
-2337.222222222222,3045,20,None,3341.6666666666665
-1478.6666666666667,3491,15,None,5070.777777777778
-419.2222222222224,3069,9,None,6687.11111111111
468.66666666666663,2986,14,None,7811.777777777777
1237.3333333333333,2944,22,None,8410.222222222223
1803.111111111111,3259,9,None,8043.555555555555
2315.555555555555,2867,16,None,7016.0
2674.222222222222,2466,18,None,5640.333333333333
2877.3333333333335,1973,10,None,3530.1111111111113
2885.222222222222,1920,0,None,1341.2222222222222
2762.4444444444443,1758,4,None,-707.0
2571.111111111111,1394,11,None,-2560.666666666667
2384.777777777778,1245,36,None,-4147.222222222222
2188.8888888888887,796,63,None,-5314.888888888889
1945.6666666666665,736,135,None,-5846.888888888889
1651.3333333333333,777,147,None,-5886.666666666666
1404.5555555555557,749,215,None,-5510.777777777777
1191.888888888889,738,268,None,-4675.777777777777
1026.0,624,272,None,-3775.3333333333335
851.7777777777777,633,296,None,-2862.2222222222217
694.3333333333333,589,266,None,-2019.333333333333
576.5555555555555,517,205,None,-1144.0000000000002
476.8888888888889,538,243,None,-442.33333333333326
428.2222222222222,610,190,None,168.00000000000023
408.1111111111111,430,205,None,616.0
363.1111111111111,509,153,None,869.222222222222
343.33333333333337,510,126,None,1028.2222222222222
333.7777777777777,573,124,None,1116.0
344.55555555555554,594,64,None,1204.7777777777776
366.0,604,123,None,1189.111111111111
383.5555555555556,780,47,None,1050.2222222222222
430.33333333333337,580,67,None,994.888888888889
454.55555555555554,499,87,None,874.8888888888889
453.6666666666667,360,72,None,737.7777777777778
460.66666666666663,240,51,None,604.7777777777777
442.1111111111111,107,253,None,427.111111111111
383.22222222222223,47,91,None,242.44444444444446
328.44444444444446,38,276,None,30.444444444444457
243.11111111111114,143,125,None,-149.22222222222223
191.66666666666669,273,145,None,-237.4444444444445
124.44444444444446,187,294,None,-403.44444444444446
55.55555555555557,30,528,None,-497.7777777777777
-45.55555555555554,28,937,None,-548.6666666666667
-178.55555555555554,7,877,None,-623.1111111111111
-296.22222222222223,34,540,None,-615.4444444444443
-336.22222222222223,100,434,None,-527.5555555555555
-368.44444444444446,293,372,None,-391.0
-350.77777777777777,692,386,None,-194.8888888888889
-318.7777777777778,508,280,None,-11.222222222222285
-307.6666666666667,161,312,None,207.11111111111103
-312.55555555555554,75,425,None,370.2222222222222
-296.1111111111111,99,406,None,468.8888888888889
-229.22222222222223,139,279,None,646.2222222222222
-148.1111111111111,55,288,None,742.0
-117.77777777777777,131,282,None,728.8888888888889
-97.44444444444446,85,262,None,703.1111111111111
