0,137,56,None,0
81.0,374,462,None,0
-3.5,192,975,None,0
-263.33333333333337,284,1261,None,0
-441.75,388,834,None,0
-442.6,559,1152,None,0
-467.6666666666667,615,865,None,0
-436.5714285714285,776,835,None,0
-389.375,406,944,None,0
-405.8888888888889,199,963,None,-405.8888888888889
-499.7777777777777,277,1342,None,-580.7777777777777
-608.3333333333333,872,1132,None,-604.8333333333333
-550.2222222222222,748,1177,None,-286.8888888888888
-489.33333333333326,991,954,None,-47.58333333333326
-435.6666666666665,989,471,None,6.933333333333508
-312.2222222222223,1441,261,None,155.4444444444444
-153.33333333333326,1807,138,None,689.1269841269841
38.66666666666674,2370,91,None,1008.8194444444445
351.66666666666663,2736,111,None,1362.3888888888887
728.2222222222222,3206,188,None,1514.8888888888887
1181.8888888888887,3631,386,None,1837.8055555555552
1571.3333333333333,3911,641,None,2114.6222222222223
1982.3333333333333,4256,731,None,2316.222222222222
2369.8888888888887,5073,726,None,2522.31746031746
2795.3333333333335,5641,722,None,2679.5138888888887
3210.7777777777774,5964,873,None,2606.5555555555547
3591.0,5959,953,None,2324.333333333333
3893.9999999999995,5845,1004,None,1752.111111111111
4140.222222222222,5429,1111,None,1290.444444444444
4284.666666666666,4745,1216,None,631.1111111111109
4316.222222222223,4295,1541,None,-60.666666666665606
4258.88888888889,3893,1451,None,-830.9999999999991
4138.555555555556,3799,1418,None,-1595.4444444444434
3920.111111111111,3573,1302,None,-2427.5555555555557
3625.8888888888887,3634,721,None,-3127.2222222222217
3383.888888888889,4084,446,None,-3619.1111111111104
3231.8888888888887,4761,284,None,-3764.8888888888882
3191.4444444444443,4805,212,None,-3693.666666666667
3222.0,4831,242,None,-3339.2222222222226
3339.777777777778,4719,154,None,-2745.1111111111118
3541.0000000000005,4417,192,None,-1842.6666666666665
3739.111111111111,4157,164,None,-814.5555555555561
3918.2222222222226,3924,309,None,205.22222222222263
4067.555555555556,3440,626,Compression,1103.7777777777783
4056.5555555555557,2769,947,None,1621.444444444444
3854.777777777778,1983,1475,None,1685.5555555555552
3413.7777777777774,1464,2305,None,1198.7777777777778
2810.0,541,2424,None,305.88888888888914
2090.8888888888887,523,3090,None,-849.4444444444443
1298.4444444444446,433,3644,None,-2240.6666666666674
472.2222222222224,432,3776,None,-3708.555555555556
-343.0,337,4223,None,-4933.888888888889
-1176.4444444444446,326,4588,None,-5866.8888888888905
-1962.666666666667,312,4651,None,-6241.555555555556
-2647.222222222222,491,5381,None,-6090.0
-3247.0,895,6062,None,-5411.888888888889
-3727.6666666666665,1516,7436,None,-4295.11111111111
-4176.222222222223,2042,8772,None,-3000.2222222222226
-4638.777777777777,2142,10473,None,-1675.999999999999
-5207.666666666666,1777,11186,None,-435.8888888888878
-5881.555555555556,1627,11923,None,480.66666666666697
-6593.777777777778,1382,13222,Compression,1084.666666666666
-7435.777777777777,1067,13528,None,1187.666666666667
-8338.222222222223,821,13390,None,846.6666666666661
-9191.444444444443,657,13813,None,322.6666666666679
-10079.111111111111,441,13628,None,-414.22222222222354
-10886.555555555555,539,10795,None,-1030.4444444444434
-11278.333333333332,1321,10512,None,-1100.999999999999
-11373.888888888889,1691,8800,None,-748.8888888888887
-11118.333333333334,1882,6764,None,236.33333333333212
-10516.777777777777,2149,5479,None,1768.000000000001
-9571.222222222223,3703,5037,None,3808.999999999998
-8334.888888888889,5141,5172,None,6354.777777777779
-6941.777777777777,6509,5190,None,8959.999999999998
-5333.444444444443,5392,4636,None,11385.222222222223
-3784.2222222222226,4199,4663,None,13268.555555555555
-2696.2222222222217,2707,4339,None,13818.888888888887
-1856.333333333333,2371,4988,None,13440.555555555555
-1357.2222222222222,1698,5848,None,11896.555555555557
-1275.8888888888891,947,6712,None,9237.555555555555
-1546.4444444444448,491,7850,None,5775.111111111111
-2215.888888888889,486,7039,None,1373.3333333333321
-2940.5555555555557,1703,5635,None,-3101.1111111111104
-3524.0,2032,3548,None,-6772.666666666666
-3776.444444444445,2506,2381,None,-9509.777777777777
-3711.0,3108,2219,None,-10775.88888888889
-3430.8888888888887,4136,1982,None,-10815.444444444445
-2900.777777777778,5586,2268,None,-9568.333333333332
-2070.9999999999995,6790,2573,None,-6914.11111111111
-961.8888888888887,5845,2855,None,-3416.6666666666656
188.0,4454,2902,Compression,594.4444444444457
1088.5555555555557,3298,3722,None,4021.3333333333335
1478.3333333333335,1832,5140,None,6017.111111111112
1279.2222222222217,2279,6363,None,6630.222222222222
811.5555555555557,2126,7575,None,6066.111111111111
107.33333333333303,1598,7729,None,4333.333333333332
-813.2222222222226,1619,7222,None,1502.999999999999
-1804.4444444444448,1899,7062,None,-2137.3333333333344
-2846.6666666666665,2078,4748,None,-5913.888888888889
-3475.555555555556,2520,3490,None,-8665.88888888889
-3755.777777777778,2784,3362,None,-9900.0
-3772.888888888889,3150,3426,None,-9773.777777777777
-3436.0,4139,3819,None,-8253.444444444443
-2946.6666666666665,4721,3991,None,-5845.777777777777
-2260.1111111111113,3546,3509,None,-2633.999999999999
-1574.7777777777774,2620,3047,Compression,1123.222222222223
-999.6666666666665,2142,3004,None,4468.333333333334
-521.7777777777778,1033,3594,None,7169.222222222223
-509.66666666666697,1082,5082,None,8217.111111111111
-846.3333333333335,1768,6819,None,7624.666666666666
-1343.3333333333335,1950,7608,None,6187.777777777777
-1941.3333333333335,2459,7388,None,3862.111111111111
-2524.5555555555557,2993,5252,None,1183.6666666666656
-2856.666666666667,2940,2429,None,-1401.333333333334
-2804.0000000000005,3372,1634,None,-3554.1111111111118
-2563.444444444445,3636,1164,None,-4529.666666666668
-2193.0000000000005,4246,1034,None,-4580.666666666667
-1551.5555555555552,5760,1366,None,-3471.444444444444
-618.8888888888887,6143,1404,None,-1267.2222222222217
468.88888888888914,5105,1466,Compression,1390.1111111111118
1501.8888888888887,2748,1712,None,4039.777777777778
2164.666666666666,1607,3534,None,5918.444444444445
2201.5555555555557,1179,5293,None,6622.000000000001
1687.666666666667,1040,7124,None,6162.8888888888905
818.5555555555557,900,9599,None,4423.888888888889
-422.6666666666665,733,10326,None,1542.8888888888891
-1845.4444444444448,1396,8776,None,-2106.111111111112
-3153.6666666666665,1610,6400,None,-5978.0
-4212.444444444444,2272,2439,None,-9370.555555555555
-4635.333333333334,3962,1766,None,-11195.444444444445
-4506.444444444445,5685,1831,None,-11162.77777777778
-3864.111111111111,7519,2617,None,-9447.666666666666
-2862.3333333333335,9359,3287,None,-6320.333333333334
-1511.666666666666,9303,3606,None,-2036.3333333333321
87.88888888888869,7396,4019,Compression,3045.333333333333
1529.0,4880,4899,None,8055.777777777779
2346.888888888889,2309,6141,None,11637.777777777777
2453.333333333333,1395,7123,None,13336.888888888889
1835.4444444444443,1311,8957,None,12536.444444444445
741.8888888888887,1714,10323,None,9798.333333333334
-642.8888888888887,1649,8968,None,5551.444444444443
-2000.7777777777783,2061,5728,None,351.0
-3082.8888888888887,2666,3365,None,-4945.666666666668
-3793.5555555555557,4794,1563,None,-9382.0
-3809.7777777777774,6756,578,None,-12004.555555555555
-3121.2222222222226,8767,201,None,-11938.88888888889
-1743.666666666667,10581,458,None,-9445.333333333334
17.555555555555657,12280,842,None,-5039.111111111111
2138.0,12266,1088,Compression,534.5555555555561
4336.555555555555,11568,974,None,6550.666666666666
6326.888888888889,7602,1116,None,12209.111111111113
7454.999999999999,5379,2271,None,15876.666666666664
7878.0,3514,4432,None,17139.666666666664
7417.0,3317,7064,None,15423.777777777777
6314.222222222222,2799,8961,None,11253.333333333334
4677.777777777778,2716,8127,None,5025.333333333334
2951.7777777777774,3054,6380,None,-2045.2222222222217
1311.333333333334,3735,3469,None,-9154.333333333334
98.88888888888869,4742,1499,None,-14775.555555555553
-717.8888888888891,6943,546,None,-18716.333333333332
-727.7777777777774,8699,130,None,-19409.555555555555
-121.0,9742,432,None,-17434.444444444445
1015.4444444444443,10526,462,None,-12823.0
2550.0,9972,895,None,-6698.444444444443
4243.222222222223,7517,1325,None,392.1111111111104
5532.444444444444,3629,2312,Compression,6818.333333333333
6048.333333333333,1469,4217,None,11781.777777777777
5713.444444444444,611,6520,None,13797.333333333332
4696.555555555556,523,9857,None,13413.444444444445
2948.666666666667,383,11500,None,10078.0
761.3333333333339,500,10583,None,4646.555555555556
-1393.444444444444,1180,8028,None,-1974.3333333333326
-3272.5555555555557,1593,5789,None,-8403.222222222223
-4747.333333333334,1715,5039,None,-13727.555555555555
-5804.666666666666,2419,4525,None,-16951.666666666664
-6185.0,3873,4438,None,-17647.777777777777
-5942.444444444444,4514,3921,None,-15332.333333333332
-5220.0,5768,3624,None,-10798.888888888889
-3944.6666666666665,5201,2978,None,-4484.444444444445
-2462.444444444445,3323,2445,Compression,2598.777777777777
-1244.5555555555552,1884,2283,None,9139.444444444445
-528.0,686,4765,None,14081.666666666664
-515.0,1130,7792,None,16465.666666666664
-885.8888888888887,1554,9806,None,16574.666666666664
-1568.7777777777778,1824,10076,None,14532.777777777777
-2422.8888888888887,1696,8453,None,10412.88888888889
-3239.5555555555557,2352,4508,None,5204.222222222223
-3717.3333333333335,3557,2750,None,78.44444444444434
-3874.666666666666,6150,1616,None,-4156.777777777777
-3468.444444444445,8423,757,None,-6456.2222222222235
-2572.3333333333335,10905,434,None,-6963.111111111111
-955.666666666667,12821,599,None,-5056.88888888889
1142.5555555555547,15170,953,None,-1491.1111111111122
3639.1111111111113,14536,880,Compression,3227.4444444444443
6073.333333333334,11464,1261,None,8268.88888888889
7957.777777777778,7756,1607,None,12609.555555555555
8880.555555555555,4291,4056,None,14821.777777777777
8817.0,3001,6928,None,14736.0
7876.888888888888,2858,9166,None,11786.0
6324.222222222223,2268,10525,None,6868.111111111113
4243.333333333332,2144,9430,None,-8.888888888889596
2075.7777777777783,2570,7306,None,-7562.999999999999
-30.111111111110404,2565,3796,None,-14866.555555555555
-1684.2222222222217,3312,1917,None,-20355.444444444445
-2662.888888888889,4684,1305,None,-23312.333333333336
-2970.666666666667,5419,1225,None,-23196.555555555555
-2530.777777777778,6280,1625,None,-20244.333333333336
-1577.2222222222222,7431,2127,None,-14653.11111111111
-286.99999999999955,6858,2388,None,-7544.444444444446
1127.1111111111109,3401,2838,Compression,553.0000000000005
1999.2222222222222,1731,3617,None,7681.0
2315.888888888889,587,8535,None,12966.666666666668
1569.5555555555557,483,13537,None,15105.0
-35.88888888888869,588,15647,None,13974.777777777777
-2084.5555555555557,600,16935,None,10340.22222222222
-4365.555555555556,804,15347,None,4776.444444444445
-6498.666666666666,1509,12469,None,-1805.2222222222222
-8305.777777777777,1661,8282,None,-7942.222222222221
-9538.111111111111,1871,5735,None,-13011.222222222223
-10030.0,4084,4071,None,-15283.0
-9819.0,5568,2813,None,-14761.888888888889
-8629.777777777777,7289,2273,None,-11085.444444444443
-6622.0,8894,1193,None,-4751.333333333334
-4093.111111111111,9388,851,Compression,2912.8888888888882
-1329.5555555555557,8376,800,None,11054.777777777777
1128.1111111111113,5740,1121,None,18292.0
2859.1111111111113,3174,1925,None,23194.11111111111
3733.5555555555557,1208,4650,None,25406.555555555555
3780.4444444444443,874,7270,None,24009.777777777777
3068.333333333333,1214,9606,None,19473.444444444445
1829.7777777777778,1512,9365,None,12468.11111111111
399.88888888888914,1867,7134,None,3985.8888888888887
-1041.0,3127,3469,None,-4574.666666666666
-2027.5555555555552,5315,1558,None,-11862.888888888889
-2451.8888888888887,7538,736,None,-16851.666666666668
-2209.333333333334,10111,599,None,-18878.88888888889
-1291.2222222222222,12666,543,None,-17912.11111111111
438.2222222222217,13994,928,None,-13801.777777777777
2600.666666666667,15177,1026,None,-7489.555555555555
5105.444444444444,14620,970,None,223.55555555555566
7494.666666666668,10897,1577,Compression,7792.777777777779
9115.444444444443,5903,2852,None,13736.444444444443
9492.444444444445,2843,5063,None,16588.444444444445
8828.333333333332,2055,9743,None,16304.999999999998
7218.333333333334,1951,13429,None,12769.88888888889
4886.11111111111,1850,14201,None,6644.999999999998
2166.7777777777774,2170,11765,None,-1547.1111111111109
-351.1111111111113,2907,8153,None,-10046.555555555558
-2506.333333333334,3215,5080,None,-17768.222222222223
-4230.222222222222,3515,1713,None,-23244.88888888889
-5065.555555555555,3890,1002,None,-25461.22222222222
-5083.666666666666,6377,775,None,-24003.77777777778
-4214.555555555555,6670,1104,None,-19220.22222222222
-2741.8888888888887,6758,1566,None,-11688.777777777777
-889.6666666666661,5897,2290,None,-2823.999999999998
883.4444444444443,3138,2784,Compression,6328.444444444445
1988.8888888888887,1065,4508,None,14064.88888888889
2189.2222222222217,432,8199,None,18876.555555555555
1533.4444444444443,628,10760,None,20339.777777777777
207.44444444444434,1155,11487,None,18315.888888888887
-1261.4444444444443,1056,12260,None,13782.444444444445
-3128.777777777778,1247,9549,None,6861.555555555553
-4669.666666666666,2589,5830,None,-644.4444444444443
-5606.666666666667,5111,3845,None,-7057.000000000001
-5866.777777777777,7560,3065,None,-11445.777777777777
-5406.666666666667,8689,2465,None,-13159.222222222223
-4332.555555555556,9398,1904,None,-11794.777777777777
-2636.8888888888887,9911,2113,None,-7992.555555555555
-644.6666666666661,9932,1758,None,-1937.8888888888873
1411.5555555555557,8348,2013,Compression,4600.777777777777
3360.3333333333335,4578,2247,None,11206.111111111113
4541.777777777778,3490,4143,None,15961.666666666668
4829.333333333333,2696,8171,None,17831.555555555555
4080.3333333333335,3458,10494,None,16468.88888888889
2799.1111111111113,1538,11275,None,12376.11111111111
1025.666666666667,1654,10208,None,6210.333333333333
-757.4444444444443,1895,8096,None,-793.5555555555557
-2312.8888888888887,2814,4185,None,-8157.333333333334
-3373.444444444445,4418,2504,None,-13996.444444444445
-3864.666666666667,6733,1542,None,-17661.0
-3546.8888888888887,9264,808,None,-18035.777777777777
-2534.7777777777774,10980,261,None,-15569.888888888887
-735.4444444444443,12606,380,None,-10174.0
1404.7777777777774,13535,338,None,-3273.7777777777783
3953.0,13987,409,Compression,4595.555555555556
6412.111111111111,11243,1157,None,11954.555555555555
8221.777777777777,6990,1079,None,17759.666666666664
9030.888888888889,2730,2921,None,20493.0
8797.0,1049,8388,None,20025.777777777777
7404.777777777777,961,12555,None,15767.444444444443
5177.0,1149,13982,None,9106.111111111111
2560.1111111111113,1106,13577,None,368.2222222222226
-184.0,1335,10834,None,-8758.333333333332
-2705.7777777777774,1487,7095,None,-17193.444444444445
-4837.555555555557,2782,3488,None,-23654.0
-6036.666666666667,5704,1977,None,-26920.111111111113
-6279.333333333333,7993,1030,None,-26261.88888888889
-5484.444444444444,9627,1099,None,-21993.222222222223
-3721.4444444444443,10988,1142,None,-14421.777777777777
-1339.2222222222217,10332,1266,None,-4927.444444444444
1094.0,6812,1957,Compression,5192.666666666666
3019.1111111111113,3706,2487,None,14452.77777777778
4210.0,1107,6338,None,21174.222222222223
4251.888888888889,499,10585,None,24399.666666666668
3209.666666666667,466,15489,None,23527.77777777778
1126.333333333333,1051,17817,None,18531.88888888889
-1510.2222222222217,1216,16399,None,10490.444444444445
-4144.777777777777,1466,12182,None,1042.7777777777783
-6429.444444444445,2340,7982,None,-8293.333333333336
-8063.666666666668,3824,3020,None,-16073.444444444445
-8513.77777777778,7422,1555,None,-20622.333333333336
-7997.333333333333,9957,953,None,-21453.666666666664
-6415.666666666666,12367,416,None,-18073.22222222222
-3967.1111111111104,13229,702,None,-11151.0
-906.0,12355,901,None,-1609.0
2229.5555555555557,11364,1327,Compression,8830.0
5031.777777777778,7989,1695,None,18334.222222222223
6921.777777777777,4480,2709,None,24884.111111111113
7745.444444444444,1788,6709,None,28016.444444444445
7109.333333333332,1369,10663,None,26290.666666666664
5424.777777777777,1260,13380,None,20598.888888888887
3077.666666666667,1274,15776,None,11525.666666666664
138.44444444444434,1084,13426,None,365.7777777777774
-2624.7777777777774,1510,9492,None,-10895.333333333332
-4784.333333333334,2490,3795,None,-20365.111111111113
-6044.555555555557,4545,1822,None,-26885.44444444445
-6441.333333333334,7992,1322,None,-28986.222222222223
-5897.0,9948,1211,None,-27064.555555555555
-4379.444444444444,11156,1625,None,-20982.11111111111
-2287.7777777777783,10646,2065,None,-11818.11111111111
12.33333333333394,9603,2732,None,-1346.5555555555557
2387.1111111111113,6541,3300,Compression,9262.555555555557
4118.555555555556,3535,4737,None,17819.666666666668
4871.888888888889,875,10160,None,23019.333333333336
3985.222222222222,586,13122,None,23672.222222222226
2289.7777777777783,778,15486,None,20219.88888888889
-85.55555555555566,1204,17904,None,13524.0
-2911.8888888888887,960,15481,None,4532.888888888889
-5584.333333333334,1471,11117,None,-5545.222222222223
-7609.555555555555,2566,6417,None,-14365.222222222223
-8800.888888888889,5459,3226,None,-20844.222222222223
-8912.888888888889,8679,2175,None,-23061.222222222226
-8056.666666666668,11968,1651,None,-21659.66666666667
-5878.666666666666,14589,1748,None,-15675.333333333332
-3059.0,15448,1766,None,-6816.333333333334
95.44444444444434,13728,2156,Compression,3477.5555555555557
3236.7777777777774,11973,2261,None,13770.555555555555
5929.333333333334,6924,2644,None,22701.666666666668
7476.666666666667,3340,3795,None,28117.666666666668
7854.0,760,8347,None,29583.444444444445
6762.888888888889,879,12344,None,25539.666666666664
4766.333333333334,1196,14940,None,18171.77777777778
2092.8888888888887,1481,14356,None,7790.555555555555
-764.4444444444443,1476,12316,None,-3854.1111111111104
-3489.1111111111104,2450,7103,None,-15098.222222222223
-5291.88888888889,4117,2273,None,-23614.88888888889
-6166.111111111111,9267,1103,None,-28750.333333333336
-5734.555555555555,12022,713,None,-28887.0
-4427.444444444445,14657,407,None,-25104.444444444445
-2001.1111111111113,14348,577,None,-16735.555555555555
802.8888888888887,13660,775,None,-6258.000000000001
3761.666666666667,12759,950,Compression,5253.333333333333
6504.333333333334,8772,1203,None,15797.444444444445
8549.777777777777,4927,2020,None,24134.333333333332
9389.777777777777,1541,7263,None,27892.88888888889
8549.111111111111,925,11430,None,26996.666666666668
6474.777777777777,920,15308,None,20973.333333333332
3619.5555555555557,1328,18703,None,12010.444444444445
105.66666666666697,1250,18958,None,438.0
-3392.0,1209,14835,None,-11463.666666666668
-6337.666666666668,1790,8909,None,-22138.222222222223
-8440.777777777777,2838,3694,None,-29626.77777777778
-9376.888888888889,5623,1251,None,-32641.888888888887
-9214.111111111111,8710,449,None,-30813.222222222223
-7660.444444444444,11598,514,None,-24256.555555555555
-5261.666666666667,13361,764,None,-13843.222222222223
-2263.333333333334,13209,1222,None,-1688.000000000001
999.1111111111113,11246,1448,Compression,10992.777777777781
4055.3333333333335,7472,1606,None,22392.444444444445
6221.111111111111,4311,2448,None,30485.444444444445
7219.11111111111,1487,5737,None,34263.77777777778
6842.000000000001,922,11569,None,32428.444444444445
5173.222222222223,930,15649,None,26123.77777777778
2619.8888888888896,1048,16976,None,16163.222222222223
-381.44444444444434,1148,14572,None,3986.7777777777783
-3272.666666666667,1570,11178,None,-8456.666666666668
-5672.111111111111,2050,4737,None,-19230.0
-7059.333333333333,2863,1476,None,-26774.555555555555
-7557.000000000001,6339,869,None,-29997.000000000004
-7156.222222222222,8176,680,None,-28762.666666666664
-5851.111111111111,10037,435,None,-22973.444444444445
-3601.222222222222,10165,781,None,-13654.666666666668
-923.1111111111113,9467,900,None,-2533.666666666668
1798.555555555556,7516,1012,Compression,8851.222222222223
4012.7777777777774,5684,1693,None,18400.11111111111
5523.777777777777,3470,3410,None,24974.0
5829.0,3458,7188,None,27263.666666666664
5260.444444444444,3190,9553,None,25510.55555555556
3945.6666666666665,3219,10738,None,19876.333333333336
2277.3333333333335,2821,8967,None,11671.444444444445
527.5555555555557,3332,5537,None,1948.777777777777
-760.1111111111113,4237,2460,None,-7122.444444444444
-1514.5555555555557,6715,773,None,-14509.0
-1577.0,9543,203,None,-18478.11111111111
-982.666666666667,12377,261,None,-19323.88888888889
356.8888888888887,14799,399,None,-16574.0
2371.333333333333,15359,515,None,-11017.555555555557
4727.666666666667,14517,925,None,-3346.777777777777
7073.333333333334,13025,1057,Compression,4633.0
9086.0,7235,1607,None,11871.555555555557
9956.333333333334,3243,3096,None,16306.222222222223
9775.222222222223,483,9011,None,17796.222222222223
8167.444444444443,179,15130,None,15216.555555555555
5468.444444444445,313,20596,None,9340.222222222223
1868.5555555555557,583,23317,None,729.6666666666665
-2257.4444444444434,614,22925,None,-9424.777777777777
-6385.777777777777,876,19313,None,-19671.88888888889
-9944.555555555555,1334,13293,None,-27734.333333333336
-12603.111111111111,2029,7644,None,-32978.88888888889
-13852.333333333334,3249,3883,None,-33553.11111111111
-13939.111111111111,8169,3461,None,-30165.44444444445
-12468.444444444443,9622,3228,None,-22147.555555555555
-10096.777777777777,10822,3629,None,-10936.444444444445
-7043.888888888889,11707,3832,Compression,2201.0
-3642.8888888888887,12287,4032,None,15632.444444444445
-246.66666666666606,10802,4082,None,27828.22222222222
2548.5555555555557,8015,4205,None,36301.77777777778
4300.666666666668,4482,4286,None,40618.11111111112
4946.333333333334,2012,6060,None,39434.555555555555
4566.999999999999,985,10050,None,34071.33333333333
3036.666666666666,1245,11669,None,24417.555555555555
1168.0,1076,11626,None,12650.222222222223
-803.4444444444443,1559,8195,None,101.33333333333303
-2415.7777777777774,2426,4359,None,-11265.999999999998
-3547.7777777777783,4941,1790,None,-20204.888888888894
-3944.3333333333335,8184,1250,None,-25291.555555555555
-3597.2222222222226,10954,1021,None,-26404.0
-2515.333333333333,13540,798,None,-22966.777777777777
-649.7777777777774,13448,776,None,-16481.555555555555
1765.4444444444443,12070,588,None,-7511.666666666666
4199.444444444444,10641,799,Compression,1804.333333333333
6465.222222222223,6329,1238,None,10569.77777777778
7768.222222222223,3431,2274,None,16676.88888888889
8111.555555555556,1334,6676,None,19557.222222222226
7167.88888888889,1056,10959,None,18573.88888888889
5297.111111111111,1010,14449,None,14111.11111111111
2700.2222222222217,1349,15991,None,6486.7777777777765
-342.44444444444525,1399,13255,None,-2724.111111111112
-3067.7777777777774,2029,9544,None,-12101.888888888889
-5178.555555555555,3284,4423,None,-19562.0
-6398.666666666666,6260,2119,None,-24523.222222222223
-6504.222222222223,8802,1470,None,-25384.666666666668
-5818.111111111111,10192,547,None,-22824.0
-4152.888888888889,12400,841,None,-16536.333333333332
-1768.2222222222217,13365,966,None,-7372.666666666665
1102.666666666667,12444,1439,Compression,3235.666666666667
3952.333333333334,9893,1940,None,13672.77777777778
6153.333333333334,6729,2946,None,22085.0
7408.666666666667,4602,6801,None,26859.666666666668
7290.888888888889,3627,11231,None,27619.222222222223
5985.888888888889,3710,16021,None,23810.88888888889
3803.333333333334,4074,18520,None,16686.777777777777
1126.5555555555557,4114,16608,None,6876.999999999999
-1546.0,4226,13030,None,-4072.5555555555575
-3901.8888888888896,4635,7318,None,-14225.666666666668
-5422.777777777777,5592,2015,None,-21962.333333333336
-5909.0,9359,700,None,-25751.88888888889
-5367.222222222223,11133,227,None,-25266.0
-3911.1111111111113,12357,403,None,-20823.444444444445
-1738.0,12470,893,None,-13003.333333333332
916.2222222222226,12138,1255,None,-3109.333333333333
3730.5555555555557,10462,2128,Compression,7608.555555555557
6044.777777777779,7082,2566,None,16965.88888888889
7524.777777777777,3368,3191,None,23489.0
7842.555555555556,1035,7346,None,26041.222222222223
6743.888888888889,967,11427,None,23854.88888888889
4619.555555555557,1152,14919,None,17710.666666666668
1878.1111111111113,1350,13313,None,8676.333333333334
-779.333333333333,1879,9714,None,-1645.333333333333
-2936.2222222222226,2865,4361,None,-11443.222222222224
-4311.666666666666,5477,2041,None,-19468.88888888889
-4855.888888888889,9431,1472,None,-24166.0
-4473.333333333334,11208,1416,None,-24651.0
-3404.9999999999995,12349,1574,None,-21234.333333333336
-1506.5555555555557,12153,1681,None,-14039.666666666668
819.2222222222217,10926,1834,None,-4759.000000000002
3359.1111111111104,8599,1676,Compression,5333.444444444444
5457.555555555555,4713,2022,None,14279.11111111111
6627.11111111111,1103,4717,None,20464.0
6391.777777777777,375,9743,None,22701.555555555555
4969.111111111111,643,13803,None,21072.555555555555
2622.5555555555557,1167,15880,None,15346.333333333336
-100.22222222222263,1097,14478,None,7105.111111111111
-2784.2222222222217,1277,10549,None,-2758.666666666665
-4978.0,2397,5271,None,-12034.11111111111
-6307.555555555556,5874,1680,None,-19230.0
-6610.777777777777,9965,1066,None,-22771.777777777774
-5921.0,13027,274,None,-22373.11111111111
-4102.444444444445,14504,649,None,-17590.111111111113
-1522.1111111111113,13710,902,None,-9796.0
1363.2222222222226,12443,1248,None,18.33333333333303
4241.888888888889,10891,1411,Compression,10139.333333333332
6782.0,6967,1672,None,19232.88888888889
8400.555555555557,3122,2674,None,25446.88888888889
8769.666666666666,828,6720,None,27625.333333333332
7649.0,930,10527,None,24754.0
5593.88888888889,1635,13574,None,18006.111111111113
2850.333333333333,1835,14565,None,8212.111111111111
-103.55555555555566,1975,11174,None,-2923.5555555555557
-2548.7777777777774,3133,7746,None,-13478.222222222223
-4305.222222222222,4940,2350,None,-21925.666666666664
-5070.777777777777,9768,724,None,-26930.0
-4654.222222222222,14472,52,None,-27314.555555555555
-3101.7777777777774,17842,88,None,-23386.333333333336
-474.44444444444434,18652,97,None,-15076.222222222223
2653.5555555555557,18211,207,None,-4358.88888888889
5980.555555555556,17558,124,Compression,7042.222222222223
9332.111111111111,16672,73,None,17982.777777777777
12198.555555555555,14531,148,None,26600.11111111111
14309.222222222223,12162,200,None,31669.222222222223
15350.555555555555,9737,258,None,32292.777777777774
15398.88888888889,5004,261,None,28176.55555555556
14323.666666666668,852,405,None,20365.77777777778
12400.666666666666,759,2821,Breathing,9744.888888888887
10109.888888888889,633,5463,Breathing,-1979.3333333333348
7572.777777777778,378,5336,Breathing,-13155.11111111111
5084.777777777777,288,5119,Breathing,-22861.77777777778
2703.666666666667,353,4297,Breathing,-29916.22222222222
667.3333333333335,761,6065,Breathing,-33695.0
-1251.1111111111113,1049,7286,Breathing,-34027.11111111111
-2997.333333333333,1273,5867,Breathing,-31271.333333333332
-4034.7777777777774,2657,2722,Breathing,-25814.777777777777
-4091.6666666666665,3343,2361,Breathing,-18084.555555555555
-3753.444444444445,3604,6102,Breathing,-9616.0
-3494.333333333334,2788,5566,Breathing,-1572.2222222222263
-3252.1111111111104,1170,4754,Compression,5305.000000000002
-3113.5555555555557,4386,3702,Breathing,10784.444444444442
-2599.3333333333335,5854,907,Breathing,15129.555555555555
-1460.3333333333335,3686,1601,Breathing,18149.222222222223
-535.666666666667,4559,432,Breathing,18954.0
433.3333333333335,2670,739,Breathing,18331.444444444445
655.1111111111109,1360,860,Breathing,15813.88888888889
601.5555555555552,870,818,Breathing,12691.888888888887
884.8888888888891,624,1162,Breathing,10196.444444444445
1133.7777777777776,652,741,Breathing,7652.555555555555
1522.1111111111113,782,546,Breathing,4844.888888888889
1472.333333333333,771,656,Breathing,1610.0000000000005
935.4444444444445,1159,696,Breathing,-2072.3333333333335
755.2222222222222,797,679,Breathing,-3455.8888888888882
309.7777777777777,1023,699,Breathing,-4478.555555555556
131.22222222222217,861,1024,Breathing,-4903.111111111111
57.55555555555554,892,427,Breathing,-4929.888888888888
103.44444444444446,544,991,Breathing,-5417.111111111111
113.55555555555554,550,702,Breathing,-5091.888888888889
106.55555555555554,656,594,Breathing,-3811.3333333333335
87.22222222222229,866,581,Breathing,-2676.0
106.11111111111109,513,849,Breathing,-705.7777777777776
17.333333333333258,735,826,Breathing,-214.00000000000023
-5.8888888888888005,755,775,Breathing,228.33333333333314
-44.111111111111086,853,498,Compression,606.1111111111114
13.444444444444457,741,678,None,976.111111111111
-31.22222222222217,795,573,None,1280.8888888888891
43.111111111111086,839,880,None,1314.6666666666665
55.44444444444446,677,1058,None,778.2222222222223
6.222222222222172,645,787,None,656.8888888888888
-41.222222222222285,650,835,None,168.33333333333314
-24.444444444444457,876,511,None,133.55555555555554
26.22222222222217,576,978,None,76.22222222222206
-16.222222222222285,930,572,None,162.55555555555543
-15.888888888888914,519,993,None,41.111111111111086
-75.55555555555554,676,971,None,6.777777777777715
-133.0,592,1145,None,-95.11111111111097
-189.8888888888888,867,1020,None,-97.99999999999989
-164.55555555555554,1092,879,None,-129.0
-125.11111111111109,974,941,None,-115.99999999999977
-100.88888888888891,1251,631,None,-104.33333333333326
-72.55555555555554,873,674,None,-69.44444444444434
-5.777777777777715,960,466,None,54.77777777777794
9.333333333333258,1418,421,None,201.33333333333326
172.77777777777783,893,804,None,493.66666666666663
215.44444444444446,1440,754,None,519.2222222222222
353.1111111111111,1479,952,None,626.8888888888887
428.66666666666663,1806,655,None,669.6666666666666
532.8888888888889,2016,567,None,756.7777777777777
690.2222222222222,1794,889,None,780.6666666666665
721.8888888888889,2301,561,None,769.2222222222223
893.111111111111,2283,759,None,650.5555555555553
1007.5555555555554,2403,700,None,649.7777777777777
1086.0,2474,496,None,370.2222222222223
1295.8888888888891,1863,1069,None,487.2222222222226
1307.8888888888891,1988,570,None,296.77777777777806
1406.8888888888891,1726,693,None,187.11111111111143
1393.7777777777778,1552,778,None,66.44444444444446
1318.7777777777778,1674,557,None,-270.33333333333303
1342.3333333333333,1232,791,None,-377.7777777777778
1198.0,1067,756,None,-608.3333333333331
1063.2222222222222,1183,822,None,-1024.777777777778
914.1111111111111,970,706,None,-1126.666666666667
723.6666666666667,934,657,None,-1550.4444444444448
666.2222222222223,824,1157,None,-1502.5555555555557
471.66666666666663,958,488,None,-1563.7777777777783
409.1111111111111,801,915,None,-1605.111111111111
310.44444444444434,723,921,None,-1313.2222222222226
164.33333333333337,824,915,None,-1233.6666666666667
105.22222222222229,840,939,None,-920.8888888888889
59.66666666666663,605,1077,None,-431.33333333333314
-32.888888888888914,1127,656,None,-305.33333333333314
-9.888888888888914,414,1952,None,201.66666666666686
-211.55555555555554,415,2861,None,106.88888888888891
-446.3333333333335,569,2239,None,90.33333333333337
-684.1111111111111,266,6585,None,84.77777777777783
-1373.5555555555557,326,5332,None,-591.2222222222222
-1907.7777777777778,163,5081,Breathing,-1068.5555555555557
-2444.1111111111113,159,5731,Breathing,-1602.3333333333335
-3052.222222222222,93,4951,Breathing,-2378.333333333333
-3539.5555555555557,303,4924,Breathing,-2628.888888888889
-4105.333333333334,59,4314,Breathing,-3177.4444444444453
-4407.222222222223,71,3821,Breathing,-3102.444444444445
-4552.11111111111,109,3071,Breathing,-2421.7777777777774
-4695.666666666666,82,2503,Breathing,-1939.4444444444434
-4262.555555555556,133,1927,Breathing,-339.6666666666665
-3905.6666666666665,202,2248,Breathing,1114.0
-3586.5555555555557,379,3290,Breathing,2364.2222222222226
-3290.8888888888887,288,2448,Breathing,3856.7777777777787
-2991.1111111111113,941,2200,Breathing,4744.111111111111
-2617.5555555555557,1550,2355,Breathing,5593.555555555556
-2234.222222222222,1756,3186,Breathing,6184.555555555555
-1976.4444444444443,1353,2886,Breathing,5464.666666666666
-1817.666666666667,1063,2967,Breathing,4875.888888888888
-1760.2222222222222,693,3136,Breathing,3644.777777777778
-1832.3333333333333,440,3275,Breathing,2311.9999999999995
-1920.0,682,3781,Breathing,1118.1111111111113
-1940.8888888888887,588,4952,Breathing,-137.77777777777828
-2185.777777777778,832,6703,Breathing,-1367.666666666667
-2698.222222222222,568,7475,Breathing,-2656.3333333333326
-3376.2222222222217,326,8009,Breathing,-4019.9999999999986
-4071.0000000000005,852,7539,Breathing,-4596.88888888889
-4643.666666666667,1131,7494,Breathing,-4899.333333333333
-5139.111111111111,2051,7338,Breathing,-5045.444444444445
-5455.111111111111,3137,6734,Breathing,-4972.777777777778
-5539.777777777777,4343,4044,Breathing,-4425.111111111111
-5162.222222222223,4129,1717,Breathing,-3140.6666666666674
-4409.333333333334,4393,797,Breathing,-1081.5555555555566
-3357.4444444444443,6136,1107,Compression,1435.333333333334
-2031.2222222222222,7265,626,None,4171.0
-439.88888888888914,9855,473,None,7010.0
1345.5555555555557,12044,796,None,9612.0
3302.3333333333335,12034,1468,None,12061.222222222223
5063.777777777777,11777,2621,None,13740.222222222223
6480.777777777777,12081,3262,None,14244.111111111111
7427.444444444444,9870,4497,None,13248.88888888889
7756.444444444444,7143,5154,None,10820.777777777777
7577.888888888889,3391,6151,Breathing,7304.222222222221
6712.444444444443,886,8860,Breathing,2754.4444444444434
5088.777777777777,327,14253,Breathing,-2912.777777777779
2499.0,252,18813,Breathing,-9365.444444444445
-813.1111111111113,386,20435,Breathing,-16136.0
-4214.777777777778,345,19481,Breathing,-21868.222222222223
-7358.333333333333,518,17760,Breathing,-26004.888888888887
-10254.0,1183,13137,Breathing,-28616.777777777777
-12179.222222222223,1469,7406,Breathing,-28679.333333333336
-13059.888888888889,1370,4325,Breathing,-26166.444444444445
-13081.555555555555,988,2813,Breathing,-20947.444444444445
-12398.333333333334,916,3375,Breathing,-13371.666666666664
-11124.222222222223,802,4161,Breathing,-4344.666666666668
-9435.111111111111,791,5215,Compression,5217.1111111111095
-7699.000000000001,1075,6046,None,14197.222222222223
-6125.111111111111,1520,7621,None,21168.88888888889
-4887.222222222223,992,8457,None,26004.555555555555
-4388.444444444444,1548,9248,None,27584.777777777777
-4584.333333333334,2267,8937,None,25962.666666666664
-4997.111111111111,2703,5482,None,21707.666666666664
-5103.111111111111,3107,3132,None,15917.222222222223
-4832.666666666667,4055,1701,None,9775.777777777777
-4197.888888888889,4980,924,None,4004.000000000001
-3255.666666666667,8702,567,None,-923.4444444444434
-1799.444444444444,9436,543,None,-3465.1111111111104
-133.44444444444434,9863,494,None,-3721.7777777777765
1737.0,9791,486,None,-1958.999999999999
3626.4444444444443,9489,845,Compression,915.5555555555547
5328.0,9223,1296,None,4033.5555555555557
6517.555555555555,7616,1555,None,6383.444444444443
7193.777777777777,5009,1966,None,7583.111111111111
7270.333333333334,2679,2768,None,7142.555555555555
6809.777777777778,1976,5319,None,5311.666666666667
5534.444444444444,2633,6709,None,1208.4444444444443
4093.4444444444443,2591,5864,None,-3983.8888888888887
2688.777777777778,3006,4380,None,-9373.333333333334
1502.2222222222222,4183,2226,None,-13744.888888888889
759.2222222222222,7195,1306,None,-16595.222222222223
532.7777777777783,8469,816,None,-17453.0
709.6666666666665,8294,866,None,-16549.555555555555
1196.8888888888887,8327,1387,None,-13407.333333333334
1977.8888888888887,7452,1909,None,-9058.777777777777
2965.222222222222,5301,1864,None,-3521.0
3800.0,4419,2602,Compression,1830.7777777777778
4365.555555555556,2694,4053,None,6245.555555555555
4367.222222222222,1329,5982,None,8849.777777777776
3632.7777777777783,1133,9558,None,9357.666666666668
2042.3333333333335,1608,10962,None,7583.0
152.66666666666606,1415,10978,None,4274.888888888889
-1735.2222222222226,1967,9281,None,-362.88888888888914
-3318.9999999999995,3279,5879,None,-5003.444444444444
-4223.777777777777,4506,2968,None,-8865.777777777777
-4434.777777777777,7422,1248,None,-11099.777777777777
-3950.666666666667,8601,629,None,-11189.77777777778
-2913.888888888889,8411,668,None,-8790.666666666666
-1536.5555555555547,8236,867,None,-4612.333333333332
218.33333333333303,7828,1472,Compression,1108.1111111111109
1963.8888888888891,6771,1753,None,7108.111111111111
3584.0000000000005,5599,2557,None,12508.222222222223
4734.666666666667,4384,3584,None,16288.444444444443
5112.444444444444,3249,6735,None,17652.444444444445
4554.222222222222,3281,9037,None,16270.111111111111
3228.666666666667,3863,9924,None,12348.666666666668
1669.444444444444,3972,8323,None,6407.333333333334
325.66666666666697,4790,6543,None,50.999999999998636
-687.8888888888887,7195,3295,None,-6225.444444444444
-960.7777777777783,11500,2273,None,-10978.333333333334
-493.1111111111113,13944,1574,None,-13413.333333333334
543.333333333333,14940,1288,None,-13180.333333333334
1971.333333333333,14239,1254,None,-10320.444444444445
3801.4444444444443,13231,2164,None,-5336.11111111111
5670.666666666666,11189,3541,Compression,579.7777777777774
7193.888888888889,8632,4965,None,6430.666666666667
8084.777777777778,6397,5718,None,10683.77777777778
8355.0,3750,7396,None,13120.0
7516.555555555556,1683,10968,None,12668.666666666668
5459.666666666667,968,13721,None,9093.88888888889
2668.2222222222217,1472,15610,None,2877.666666666666
-419.55555555555566,1580,15574,None,-4832.888888888888
-3417.2222222222217,2293,14294,None,-12743.111111111111
-5980.333333333332,3339,11253,None,-19410.11111111111
-7709.444444444445,4333,5896,None,-23946.222222222223
-8290.555555555555,6121,1394,None,-24852.666666666664
-7840.777777777779,11095,1433,None,-22148.55555555556
-6362.111111111111,13532,1936,None,-16003.555555555557
-4042.000000000001,13338,2236,None,-7110.777777777779
-1391.4444444444453,12839,2846,Compression,3158.999999999999
1289.7777777777774,11906,2412,None,13360.333333333332
3899.5555555555557,9453,2743,None,22220.11111111111
5978.555555555555,6093,3548,None,28334.22222222222
7140.666666666666,2513,5903,None,31045.88888888889
6937.666666666668,884,9422,None,29106.88888888889
5463.777777777777,1494,13231,None,22806.222222222226
3086.1111111111104,2075,15999,None,13507.88888888889
250.55555555555475,2526,16850,None,2583.2222222222226
-2574.5555555555557,2989,16038,None,-8499.888888888887
-5134.777777777777,4182,10450,None,-18383.44444444444
-6886.111111111111,5383,5596,None,-25635.77777777778
-7655.333333333333,10420,2383,None,-28862.11111111111
-7045.111111111111,14597,2911,None,-27490.333333333336
-5370.0,17365,3828,None,-21755.88888888889
-2917.2222222222226,16113,4117,None,-12673.555555555555
-280.2222222222226,14712,3434,None,-2183.2222222222226
2519.999999999999,12744,3467,Compression,8694.0
5142.333333333333,7641,3720,None,18502.555555555555
7027.888888888889,3925,4807,None,25796.555555555555
7626.333333333334,1111,8638,None,28698.222222222223
6813.666666666666,1522,14456,None,26776.666666666668
4483.555555555556,2398,17672,None,19909.666666666668
1487.999999999999,2805,16267,None,10224.333333333332
-1511.8888888888887,3832,13241,None,-864.1111111111104
-3890.2222222222226,5729,8603,None,-11326.888888888889
-5462.666666666666,7210,4950,None,-20145.333333333332
-6242.333333333332,10474,2258,None,-25897.11111111111
-5765.111111111111,13099,2020,None,-27262.0
-4436.111111111112,14995,1726,None,-23591.111111111113
-2125.4444444444453,15823,1259,None,-15797.11111111111
929.8888888888887,15933,1338,None,-4959.000000000001
4248.666666666666,15155,1706,Compression,6370.666666666667
7238.777777777778,12081,2562,None,16733.333333333332
9341.888888888889,8940,3069,None,24616.777777777774
10313.555555555557,4789,3694,None,28569.222222222223
10184.111111111111,2279,5071,None,28488.88888888889
8961.0,2134,7168,None,23665.222222222223
7170.666666666666,2319,7657,None,15160.444444444445
5103.222222222223,2648,7033,None,4468.000000000001
2997.7777777777783,3576,5024,None,-6682.777777777778
1215.2222222222226,6066,3470,None,-16265.555555555555
9.33333333333303,8866,3470,None,-23005.666666666668
-448.7777777777774,9553,4318,None,-26217.11111111111
-519.4444444444443,8252,4791,None,-25559.11111111111
-256.55555555555566,7068,4379,None,-22047.444444444445
352.44444444444434,3715,3881,None,-15837.222222222223
893.333333333333,2423,4324,None,-8345.222222222223
1275.2222222222217,1817,5783,None,-794.5555555555575
1321.7777777777774,669,9361,Compression,5553.444444444444
516.8888888888887,548,13538,None,9092.333333333332
-1214.8888888888887,968,17333,None,9608.777777777777
-3632.777777777778,1740,20269,None,7256.666666666668
-6273.222222222223,1824,19789,None,2854.7777777777765
-8653.888888888889,1911,14814,None,-2119.999999999999
-10386.333333333334,2901,9462,None,-6910.7777777777765
-11096.88888888889,3854,5103,None,-10314.222222222223
-11024.444444444445,7272,2157,None,-11601.333333333334
-10015.444444444445,11791,1824,None,-10113.0
-7942.222222222222,13524,2610,None,-5275.1111111111095
-5286.222222222223,13857,3285,Compression,1682.4444444444443
-2293.2222222222217,12367,3058,None,9736.888888888889
799.8888888888887,11699,2784,None,17811.88888888889
3786.5555555555566,9623,3207,None,24430.666666666668
5933.111111111111,6550,4065,None,28619.111111111113
6938.222222222222,3682,5591,None,29372.333333333336
6864.888888888889,1480,8317,None,26348.444444444445
5536.888888888889,1334,10320,None,19623.666666666668
3431.0,829,12655,None,10033.666666666666
904.333333333333,837,11558,None,-882.5555555555557
-1461.5555555555557,1655,8916,None,-11608.77777777778
-3302.666666666666,2082,5785,None,-20422.0
-4704.666666666666,4455,3492,None,-26526.333333333336
-5310.555555555556,6227,2434,None,-29133.000000000004
-5165.222222222223,8035,2438,None,-27655.77777777778
-4331.222222222223,9029,3144,None,-22569.333333333336
-2917.666666666667,8252,4291,None,-14645.11111111111
-1479.1111111111113,5721,5101,None,-5741.777777777777
-96.22222222222172,3785,5350,Compression,3102.0
921.1111111111113,2467,5780,None,10873.88888888889
1359.7777777777774,1059,7853,None,15906.111111111111
1016.333333333333,168,11062,None,17824.444444444445
-301.1111111111113,774,15376,None,16205.555555555555
-2345.0,1193,18228,None,11274.777777777777
-4859.666666666666,727,15469,None,4381.666666666668
-7151.555555555557,1683,10719,None,-3233.333333333335
-8595.666666666666,2484,6600,None,-9499.222222222223
-9121.888888888889,3576,3681,None,-13688.111111111111
-8959.666666666666,5995,1209,None,-15601.777777777777
-8059.777777777777,7217,1081,None,-14429.0
-6623.111111111111,7621,1176,None,-10459.666666666668
-4696.555555555556,7233,2063,None,-3867.000000000001
-2499.666666666666,4895,3049,Compression,4079.2222222222235
-401.7777777777783,3235,3852,None,11574.444444444442
1167.666666666667,2279,5232,None,17344.88888888889
1843.5555555555552,1263,8854,None,20320.0
1457.4444444444448,576,13324,None,19998.88888888889
52.66666666666606,1334,15883,None,16651.777777777777
-2095.666666666667,2153,17612,None,10359.555555555555
-4495.111111111111,2100,14059,None,2282.666666666666
-6540.0,2592,9776,None,-6301.333333333332
-7912.666666666668,3211,5659,None,-13732.222222222224
-8389.777777777777,4933,2327,None,-18427.22222222222
-8031.666666666666,7888,922,None,-19778.666666666664
-6929.555555555556,11017,387,None,-17785.444444444445
-4905.0,13414,185,None,-12326.555555555555
-2018.666666666666,14464,259,None,-4199.333333333332
1176.2222222222226,15183,522,Compression,5115.333333333334
4522.88888888889,15042,1037,None,14431.000000000002
7407.777777777778,14597,1521,None,21935.777777777777
9658.888888888889,12446,1762,None,26770.888888888887
11118.0,8183,2537,None,28280.88888888889
11455.77777777778,3939,4000,None,25849.88888888889
10675.0,3866,6799,None,19675.888888888887
9168.0,3349,9280,None,10801.11111111111
7039.111111111111,3521,7422,None,39.777777777777374
5027.333333333333,3920,5167,None,-10096.666666666668
3259.7777777777774,7517,1522,None,-18834.666666666668
2369.7777777777774,11950,1375,None,-24545.777777777777
2091.8888888888896,16053,1457,None,-27054.444444444445
2526.5555555555557,17411,945,None,-26196.0
3728.7777777777774,17762,788,None,-21800.0
5621.555555555557,16887,807,None,-14111.22222222222
7734.111111111111,15506,1015,None,-5284.999999999999
10003.222222222223,11403,1181,Compression,4227.2222222222235
11572.444444444443,7865,1610,None,11583.111111111111
12406.0,4460,2925,None,16713.222222222223
11910.444444444445,1224,6850,None,18132.111111111113
10110.333333333334,1398,11705,None,15745.444444444445
7343.333333333334,1614,14127,None,9870.222222222223
4123.444444444444,1144,14379,None,1828.5555555555557
766.8888888888887,1615,11772,None,-7818.777777777779
-2148.333333333333,2032,8674,None,-16427.555555555555
-4496.444444444444,3387,4632,None,-23645.88888888889
-5770.555555555557,5855,1738,None,-26883.666666666668
-6008.11111111111,9361,850,None,-26432.555555555555
-5233.0,12236,610,None,-21960.222222222223
-3316.1111111111113,13026,557,None,-13821.111111111113
-785.4444444444443,13657,652,None,-3274.1111111111104
2049.8888888888896,12719,857,Compression,7808.8888888888905
4838.444444444443,10524,1708,None,18571.222222222223
6946.555555555555,7400,2493,None,26437.888888888887
8229.777777777777,3220,3229,None,31140.333333333332
8367.11111111111,1625,6117,None,31281.11111111111
7410.555555555555,1448,8437,None,26845.11111111111
5688.333333333334,1238,8420,None,19050.111111111113
3598.555555555555,1730,6477,None,8988.22222222222
1685.666666666667,2051,4170,None,-1600.4444444444434
5.222222222222626,3278,2271,None,-11139.555555555555
-1200.8888888888891,6604,1492,None,-18765.555555555555
-1612.4444444444443,8690,1623,None,-22696.666666666664
-1372.4444444444443,8722,1778,None,-23020.888888888887
-599.8888888888891,7382,1705,None,-19888.333333333332
530.0,6323,1690,None,-13795.22222222222
1821.3333333333335,4880,2269,None,-6338.111111111111
2909.444444444444,3506,3213,Compression,1355.5555555555557
3469.444444444445,1998,6699,None,7823.1111111111095
3182.555555555556,1527,12037,None,11736.333333333334
1902.8888888888891,1154,15944,None,12706.0
-308.44444444444434,995,18373,None,10270.999999999998
-3024.5555555555557,774,18395,None,5228.444444444443
-5754.0,283,16387,None,-1287.1111111111109
-8174.111111111111,842,13452,None,-8015.0
-10090.0,1125,8062,None,-13695.111111111111
-11150.888888888889,1189,5218,None,-17237.666666666664
-11631.11111111111,2086,2594,None,-18204.333333333332
-11165.22222222222,3908,2018,None,-15651.777777777777
-9787.444444444445,4893,1897,None,-10038.222222222223
-7811.222222222222,5305,1841,None,-2348.666666666666
-5495.444444444445,5435,1840,Compression,6233.222222222222
-3138.1111111111113,4958,1884,None,14527.222222222223
-1007.2222222222217,4304,2427,None,21227.222222222223
602.4444444444443,2519,3717,None,25793.0
1240.1111111111113,1571,6798,None,26738.777777777777
1107.0,2038,9439,None,24428.444444444445
341.11111111111086,2261,11293,None,19009.11111111111
-872.4444444444448,2278,9736,None,11385.88888888889
-2034.0000000000005,2859,7057,None,3161.333333333332
-2885.333333333334,2962,3565,None,-4556.777777777778
-3351.7777777777774,5013,1959,None,-10906.111111111111
-3354.0000000000005,8336,865,None,-14737.77777777778
-2732.444444444445,10821,1155,None,-16072.999999999998
-1525.333333333333,12581,1244,None,-14271.777777777777
315.1111111111113,13866,1171,None,-9706.888888888889
2548.0,14714,1167,None,-3570.3333333333317
5056.777777777777,14636,778,Compression,3319.1111111111113
7425.222222222223,12975,533,None,9672.888888888889
9274.111111111111,9349,591,None,14506.222222222224
10314.222222222223,5555,1362,None,17000.88888888889
10440.777777777777,2495,3452,None,16560.222222222223
9504.333333333332,2355,7560,None,13028.666666666666
7852.0,2095,10176,None,7170.444444444443
5694.444444444445,2042,10165,None,-549.8888888888887
3381.333333333333,1771,8851,None,-8625.88888888889
1089.4444444444453,1874,5521,None,-16126.777777777777
-855.5555555555547,2611,3138,None,-21946.777777777777
-2296.555555555556,4347,1112,None,-25365.444444444445
-2910.2222222222226,7761,1057,None,-25461.222222222223
-2631.2222222222226,9134,1257,None,-22449.333333333332
-1649.6666666666665,10181,1508,None,-16533.333333333332
-107.66666666666606,11083,1320,None,-8793.0
1875.0,9662,1416,None,147.88888888888687
3693.777777777778,6919,1908,Compression,8593.222222222223
5037.222222222223,4306,3474,None,15518.444444444445
5534.888888888889,1361,6440,None,19614.88888888889
5029.111111111111,1369,10237,None,20397.666666666668
3684.3333333333335,2239,13339,None,17748.555555555555
1706.1111111111113,2053,13696,None,12297.0
-462.7777777777774,1911,11802,None,5006.333333333334
-2525.4444444444453,2000,7956,None,-2730.222222222224
-4272.0,3304,3807,None,-10094.777777777777
-5244.111111111111,5283,1522,None,-15328.333333333332
-5383.0,8465,786,None,-17745.88888888889
-4622.222222222223,9885,846,None,-16751.666666666668
-3053.5555555555557,10824,1325,None,-12420.0
-1012.7777777777774,11010,1464,None,-5884.0
1281.2222222222226,11164,1488,Compression,1992.8888888888905
3650.0,9519,1355,None,10259.777777777777
5656.111111111111,6918,1606,None,17119.444444444445
6908.11111111111,4008,1932,None,21600.333333333332
7194.666666666667,1841,3399,None,22595.88888888889
6603.666666666667,1787,5149,None,20069.333333333336
5376.888888888889,2729,5510,None,14696.222222222223
4063.5555555555557,2838,3926,None,7542.0
2887.2222222222226,3264,1873,None,-212.77777777777737
1981.1111111111109,4515,1153,None,-7481.666666666668
1279.5555555555557,6494,1088,None,-13550.555555555555
973.1111111111113,7443,1299,None,-17121.777777777777
1065.5555555555552,8310,1611,None,-17829.222222222223
1579.2222222222222,7596,1985,None,-15614.555555555557
2375.7777777777774,5914,1789,None,-11345.0
3207.6666666666665,3980,2082,None,-6069.222222222223
3727.5555555555557,1708,3113,None,-1035.8888888888882
3692.333333333333,961,6505,Compression,3175.5555555555547
2921.777777777778,799,9802,None,5623.666666666667
1547.8888888888891,1457,12894,None,6110.888888888889
-323.55555555555566,2598,13258,None,4318.777777777778
-2190.666666666667,2421,12361,None,971.6666666666674
-4039.444444444445,2626,10601,None,-3449.444444444445
-5549.0,2925,7148,None,-7588.777777777777
-6476.555555555557,4110,2602,None,-10489.333333333332
-6519.888888888889,6404,315,None,-11188.111111111113
-5687.222222222223,10804,210,None,-9647.888888888889
-3894.111111111111,11006,186,None,-5519.222222222222
-1691.5555555555557,11192,793,None,16.777777777777374
734.666666666667,11602,1321,Compression,6676.88888888889
3061.4444444444443,11203,2220,None,13176.888888888889
5164.0,9760,2748,None,18887.666666666668
6829.222222222223,7009,3815,None,22625.666666666668
7653.333333333334,3716,4275,None,23509.444444444445
7423.666666666668,1396,5749,None,20759.444444444445
6263.444444444444,967,8341,None,15190.111111111113
4267.0,1080,9655,None,7102.888888888889
2112.0,1323,9560,None,-1448.5555555555557
41.33333333333303,1842,8218,None,-9896.77777777778
-1809.4444444444443,2479,4612,None,-17249.11111111111
-3044.555555555555,4529,1854,None,-22338.444444444445
-3526.4444444444443,8013,781,None,-24299.222222222226
-3077.7777777777774,9910,520,None,-22681.77777777778
-1972.3333333333335,10163,795,None,-17557.111111111113
-447.7777777777783,9939,949,None,-10514.777777777777
1370.4444444444443,9472,1067,None,-2203.2222222222217
3257.111111111111,7873,1405,Compression,6016.0
4891.0,5149,2401,None,13058.222222222223
5904.777777777777,1910,4276,None,18069.88888888889
5878.888888888889,501,9350,None,19654.555555555555
4598.444444444445,407,13289,None,17520.88888888889
2363.5555555555557,650,15716,None,12152.555555555555
-353.7777777777774,922,15736,None,4515.111111111111
-3040.666666666667,1279,13436,None,-3737.9999999999995
-5390.333333333332,1603,10127,None,-11610.444444444443
-7271.333333333334,2030,4611,None,-18242.666666666668
-8276.77777777778,4008,1503,None,-22091.222222222223
-8303.777777777777,7899,502,None,-22333.444444444445
-7219.0,10176,389,None,-18539.222222222223
-5148.333333333332,11876,883,None,-11365.333333333334
-2495.5555555555557,11893,994,None,-2266.2222222222226
389.44444444444434,11191,1110,Compression,7503.999999999998
3155.555555555555,9402,1340,None,16724.666666666668
5402.111111111111,6342,2089,None,23960.222222222223
6821.777777777777,2602,3374,None,28301.666666666664
7022.777777777777,637,6699,None,28397.444444444445
6070.888888888889,577,9265,None,24121.444444444445
4283.666666666666,806,8997,None,16361.777777777777
2286.111111111111,1427,8509,None,6691.222222222222
277.7777777777774,1782,7826,None,-3422.8888888888896
-1604.7777777777783,2180,4461,None,-12786.666666666666
-2978.3333333333335,3210,2485,None,-20227.0
-3793.555555555556,5288,1471,None,-24495.222222222226
-3842.0,7006,949,None,-25038.444444444445
-3083.2222222222226,7164,720,None,-21608.666666666664
-1693.666666666666,7017,866,None,-15198.999999999998
-44.88888888888914,6736,1101,None,-7101.888888888888
1491.3333333333335,5638,1353,Compression,1199.4444444444453
2754.333333333333,3837,2555,None,8610.444444444445
3568.333333333333,2401,4755,None,14368.77777777778
3560.2222222222217,1478,7766,None,17202.333333333332
2781.0,1516,9121,None,16680.555555555555
1511.8888888888887,1493,9206,None,13118.444444444443
-18.111111111110404,1491,7238,None,7393.666666666667
-1372.666666666667,1814,5175,None,1115.7777777777765
-2429.555555555555,3010,2540,None,-4861.222222222222
-3003.444444444445,6630,2125,None,-9667.88888888889
-2979.0,9501,2021,None,-12271.888888888887
-2290.3333333333335,11296,2461,None,-12433.222222222223
-1047.1111111111104,11715,2719,None,-9961.22222222222
651.1111111111113,10999,2772,None,-5195.000000000001
2410.2222222222217,9414,2452,Compression,577.3333333333339
4040.7777777777774,7270,2136,None,6443.555555555554
5249.777777777777,4072,1727,None,11117.222222222223
5883.777777777777,2315,3071,None,14046.666666666664
5747.555555555556,2275,7043,None,14609.666666666666
4717.222222222222,2968,9637,None,12303.555555555555
3145.111111111111,3767,10510,None,7565.333333333333
1414.2222222222217,3471,9210,None,1562.999999999999
-223.0,3126,8278,None,-4932.999999999999
-1709.5555555555557,2774,6294,None,-10742.222222222223
-2874.222222222222,2064,2876,None,-15228.333333333332
-3534.888888888889,3365,762,None,-17535.666666666664
-3506.222222222222,6769,389,None,-17086.222222222223
-2713.3333333333335,8468,845,None,-13896.333333333332
-1336.5555555555552,8892,1331,None,-8515.11111111111
244.55555555555566,8674,2139,None,-2026.444444444444
1719.8888888888891,8107,1937,Compression,4425.444444444445
3043.111111111111,6850,2461,None,10181.111111111111
4103.222222222223,4024,3535,None,14597.444444444445
4548.666666666667,879,5599,None,16812.88888888889
4114.444444444444,98,8743,None,16110.222222222223
2864.6666666666665,36,12644,None,12424.666666666666
754.8888888888896,641,13877,None,6368.777777777778
-1562.7777777777774,1237,13196,None,-531.8888888888896
-3731.666666666667,1225,9549,None,-7242.333333333334
-5382.666666666666,1972,6107,None,-12915.333333333332
-6527.666666666667,4001,2340,None,-16993.666666666664
-6830.777777777777,8915,906,None,-18583.333333333336
-5995.222222222222,13341,421,None,-16914.777777777777
-4035.222222222222,16259,251,None,-11617.888888888889
-1296.0,17240,346,None,-3934.444444444444
1982.0,16533,592,Compression,5203.333333333333
5223.888888888889,14480,988,None,13889.22222222222
8051.777777777777,11550,1430,None,21354.222222222223
10101.111111111111,7956,1696,None,26417.777777777777
11256.111111111111,3170,3536,None,28327.666666666664
11030.88888888889,961,9107,None,26011.333333333336
9235.888888888889,342,14476,None,19391.777777777774
6229.88888888889,229,17807,None,9038.0
2498.1111111111113,518,18245,None,-2992.5555555555547
-1348.666666666666,691,18751,None,-15114.111111111111
-5126.555555555555,882,16930,None,-25834.22222222222
-8408.777777777777,1060,15597,None,-34244.33333333333
-11148.444444444445,1333,9933,None,-39111.22222222222
-12799.555555555557,2035,4322,None,-39286.77777777778
-13013.0,3273,1547,None,-34309.0
-11916.11111111111,6202,799,None,-24946.11111111111
-9745.333333333332,11460,515,None,-12644.555555555557
-6576.11111111111,12317,240,Compression,1276.2222222222208
-3264.5555555555557,13515,89,None,14544.666666666664
233.8888888888887,14992,115,None,26610.0
3670.0,16634,50,None,36134.444444444445
7127.888888888888,15421,97,None,42320.22222222222
9786.111111111111,16008,92,None,43737.66666666667
11808.666666666668,13850,103,None,40796.88888888889
13144.333333333332,6735,162,Breathing,34134.666666666664
13274.333333333334,2604,136,Breathing,24935.555555555555
12332.444444444443,2099,137,Breathing,13548.111111111111
11208.555555555555,1362,242,Breathing,2394.333333333332
9841.222222222223,735,145,Breathing,-8668.999999999998
8253.777777777777,416,270,Breathing,-18001.88888888889
6427.333333333334,808,405,Breathing,-25522.222222222223
4769.444444444444,443,512,Breathing,-30077.11111111111
2993.3333333333335,801,774,Breathing,-31835.0
1468.888888888889,1607,973,Breathing,-30584.0
809.0,2646,1249,Breathing,-26938.444444444445
690.0,3505,1692,Breathing,-21249.777777777777
673.4444444444443,2444,2363,Breathing,-15118.888888888887
557.9999999999999,4073,2330,Breathing,-8582.666666666668
686.1111111111111,3242,2254,Breathing,-2550.999999999999
779.6666666666667,2835,1461,Compression,3167.666666666667
887.5555555555557,2337,905,Breathing,7793.555555555555
1054.3333333333333,1084,714,Breathing,10526.333333333334
1092.4444444444443,1343,798,Breathing,11265.999999999998
1082.5555555555557,2175,833,Breathing,10808.666666666664
1076.4444444444446,2046,720,Breathing,9669.666666666668
1022.3333333333333,1884,1140,Breathing,7916.555555555555
1096.0,1307,689,Breathing,6185.666666666667
971.0,753,1072,Breathing,4166.777777777777
825.7777777777778,1353,769,Breathing,1985.1111111111113
738.0,769,772,Breathing,226.8888888888889
578.5555555555557,957,1337,Breathing,-749.3333333333333
495.2222222222223,1560,915,Breathing,-983.6666666666666
506.33333333333337,1047,695,Breathing,-925.1111111111112
396.33333333333326,1318,833,Breathing,-1218.1111111111113
302.8888888888888,1093,789,Breathing,-1004.3333333333334
254.0000000000001,1380,702,Breathing,-888.111111111111
260.66666666666674,1187,828,Breathing,-560.7777777777776
336.0,1613,438,Breathing,-14.000000000000227
401.66666666666674,844,1013,Breathing,260.8888888888888
383.2222222222222,1045,663,Breathing,380.8888888888888
467.8888888888889,560,1995,Breathing,652.7777777777779
236.77777777777783,1140,918,Breathing,449.8888888888889
222.33333333333326,480,1190,Breathing,667.9999999999999
89.55555555555554,997,879,Breathing,497.0
68.8888888888888,811,859,Breathing,304.6666666666665
-11.777777777777828,884,682,Breathing,63.88888888888869
-29.22222222222217,1288,767,Breathing,-169.8888888888887
-101.8888888888888,1302,1001,Breathing,-476.2222222222222
-49.66666666666674,949,896,Breathing,-163.33333333333337
-86.22222222222229,1244,829,Breathing,-380.1111111111112
119.33333333333337,655,757,Breathing,95.8888888888888
83.33333333333326,953,738,Breathing,46.11111111111131
186.1111111111111,1153,557,Breathing,369.0000000000001
239.22222222222229,1415,444,Breathing,535.5555555555557
352.44444444444457,984,838,Breathing,867.7777777777779
346.2222222222223,1099,677,Breathing,808.3333333333334
335.2222222222223,737,1414,Breathing,991.2222222222223
226.55555555555554,923,802,Breathing,393.66666666666674
234.1111111111111,709,1166,Breathing,459.33333333333337
137.22222222222217,573,1476,Breathing,-78.66666666666674
48.22222222222217,559,1179,Breathing,-205.44444444444457
-44.55555555555554,575,1001,Breathing,-594.888888888889
-158.1111111111111,566,1295,Breathing,-772.7777777777778
-347.0,787,809,Breathing,-1136.5555555555557
-365.66666666666663,406,1153,Breathing,-988.1111111111112
-495.55555555555554,1175,504,Breathing,-1151.1111111111113
-345.7777777777778,1270,842,Breathing,-590.2222222222222
-311.66666666666663,587,1599,Breathing,-510.66666666666663
-373.33333333333326,957,1181,Breathing,-279.8888888888888
-297.888888888889,678,817,Breathing,51.22222222222217
-244.44444444444446,379,1568,Breathing,499.55555555555566
-329.2222222222222,614,612,Breathing,540.7777777777778
-248.0,823,482,Breathing,929.7777777777778
-207.66666666666663,891,639,Breathing,730.3333333333334
-96.66666666666663,713,1334,Breathing,944.6666666666666
-240.22222222222217,587,1126,Breathing,616.1111111111111
-347.66666666666674,1131,1708,Breathing,310.1111111111111
-299.33333333333337,1102,934,Breathing,273.8888888888888
-255.77777777777771,639,1054,Breathing,213.2222222222224
-286.44444444444446,328,1333,Breathing,-141.0
-266.0000000000001,645,857,Breathing,-94.77777777777794
-289.7777777777778,720,749,Breathing,-440.66666666666674
-330.888888888889,724,616,Breathing,-228.77777777777806
-346.8888888888889,1157,756,Breathing,-214.22222222222217
-233.33333333333337,1221,745,Breathing,-67.11111111111109
-120.55555555555554,1257,779,Breathing,184.9999999999999
-3.3333333333332575,644,1857,Breathing,338.0000000000001
-156.77777777777783,1059,676,Breathing,35.77777777777783
-68.1111111111112,1015,723,Breathing,260.1111111111111
76.0,1151,703,Breathing,465.2222222222225
149.33333333333326,1246,650,Breathing,689.3333333333334
218.77777777777783,946,870,Breathing,542.777777777778
215.22222222222217,1045,689,Breathing,334.9999999999999
210.22222222222229,847,1237,Breathing,147.55555555555554
114.0,432,1588,Breathing,135.55555555555566
-67.55555555555554,852,852,Breathing,-282.55555555555554
67.22222222222229,754,968,Breathing,-118.0
0.8888888888889142,1070,744,Breathing,-370.111111111111
4.666666666666629,694,808,Breathing,-621.0000000000002
-57.77777777777783,1404,630,Breathing,-769.2222222222222
-38.0,1389,667,Breathing,-700.3333333333335
33.77777777777783,971,957,Breathing,-415.9999999999999
-4.222222222222172,1047,767,Breathing,-150.22222222222217
70.22222222222217,1271,713,Breathing,-267.77777777777794
260.66666666666663,1241,512,Breathing,259.22222222222206
341.6666666666665,980,835,Breathing,345.7777777777776
381.55555555555566,1332,695,Breathing,587.7777777777778
416.1111111111112,929,1132,Breathing,668.2222222222224
406.2222222222223,888,889,Breathing,645.4444444444445
320.111111111111,916,1466,Breathing,572.5555555555554
178.77777777777783,595,1338,Breathing,188.77777777777783
94.66666666666663,860,1002,Breathing,-229.33333333333337
47.77777777777783,783,850,Breathing,-296.8888888888886
-21.666666666666742,885,558,Breathing,-663.0000000000001
-66.33333333333337,840,754,Breathing,-819.4444444444445
-72.88888888888891,976,1148,Breathing,-918.4444444444447
-162.77777777777771,1864,1526,Breathing,-936.9999999999999
-102.66666666666663,1542,1885,Breathing,-653.8888888888889
-140.66666666666674,1689,1433,Breathing,-559.6666666666665
-51.111111111111086,1641,1620,Breathing,-207.44444444444457
33.77777777777783,1547,1372,Breathing,221.44444444444457
69.0,1137,1641,Breathing,429.22222222222206
20.44444444444457,1112,2160,Breathing,496.5555555555559
-132.33333333333326,1535,2876,Breathing,512.888888888889
-290.8888888888889,982,4349,Breathing,290.8888888888889
-645.8888888888889,889,5623,Breathing,-22.333333333333485
-1209.4444444444443,1063,7818,Breathing,-876.8888888888889
-1921.888888888889,551,10127,Breathing,-1720.3333333333335
-3014.333333333334,742,12454,Breathing,-2984.444444444445
-4318.0,763,14452,Breathing,-4393.888888888889
-5858.444444444444,671,15647,Breathing,-5861.444444444444
-7466.444444444443,704,19589,Breathing,-7268.888888888888
-9448.333333333334,668,23873,Breathing,-8832.888888888889
-11877.666666666666,842,29239,Breathing,-10480.0
-14658.777777777777,836,33204,Breathing,-12231.666666666666
-17729.222222222223,299,37089,Breathing,-13556.555555555555
-21066.444444444445,447,38225,Breathing,-14792.777777777777
-24200.0,464,35393,Breathing,-15258.222222222219
-26779.666666666664,554,31396,Breathing,-14974.777777777777
-28685.555555555555,835,25143,Breathing,-13511.11111111111
-29722.44444444444,459,20942,Breathing,-10669.222222222223
-29900.0,494,15400,Breathing,-6438.777777777776
-28977.88888888889,339,9930,Breathing,-580.4444444444489
-26888.333333333332,670,7633,Compression,6915.0
-24065.555555555555,1895,5943,None,14849.333333333332
-20427.55555555556,3749,5415,Breathing,23100.55555555555
-16415.11111111111,6519,4897,Breathing,30612.0
-12353.888888888889,6681,4354,Breathing,36681.777777777774
-8668.444444444445,6163,3775,Breathing,40468.777777777774
-5702.222222222222,4899,3202,Breathing,41120.444444444445
-3237.7777777777783,5188,2514,Breathing,38891.77777777778
-1284.4444444444443,4412,1855,Breathing,34029.77777777778
65.33333333333303,2367,2113,Breathing,26314.777777777777
867.2222222222222,2074,2912,Breathing,17147.888888888887
1223.8888888888887,1990,2829,Breathing,7225.66666666667
1315.7777777777778,2955,1764,Breathing,-2286.2222222222226
1267.8888888888887,5181,754,Breathing,-10398.444444444442
1501.2222222222222,7838,965,Breathing,-16492.555555555555
1999.5555555555557,9819,978,Breathing,-19991.666666666668
2793.3333333333335,12067,854,Breathing,-20922.555555555555
3742.1111111111113,12120,901,Breathing,-19906.222222222223
4704.555555555556,11615,1178,Breathing,-17012.222222222223
5836.0,10587,1517,Breathing,-12762.11111111111
6936.88888888889,8098,1765,Breathing,-7908.7777777777765
7733.777777777777,4875,3176,Breathing,-3751.666666666668
7790.222222222223,2767,3163,Breathing,-1179.4444444444434
7254.333333333334,1056,4476,Breathing,-278.0
6110.666666666667,319,9351,Breathing,-915.4444444444443
4124.777777777777,270,13746,Breathing,-3307.7777777777787
1381.5555555555557,437,17291,Breathing,-7329.333333333333
-1737.666666666666,943,17791,Breathing,-12155.222222222223
-4769.333333333334,890,16378,Breathing,-17023.333333333336
-7498.0,1218,12516,Breathing,-20957.222222222226
-9457.0,1304,9308,Breathing,-22943.88888888889
-10535.111111111111,1698,4743,Breathing,-22436.444444444445
-10829.444444444445,2718,3372,Breathing,-19415.222222222226
-10522.11111111111,3929,1881,Breathing,-14272.222222222223
-9291.0,5511,1787,Breathing,-6973.555555555556
-7379.888888888889,6258,1922,Breathing,1843.8888888888887
-5025.444444444445,5481,2215,Breathing,11147.111111111111
-2790.5555555555557,4889,1942,Breathing,19169.555555555555
-742.2222222222222,3936,2281,Breathing,25081.111111111113
697.0,1929,4536,Breathing,28237.77777777778
1296.6666666666665,1294,4321,Breathing,28464.555555555555
1298.6666666666665,1454,3929,Breathing,25543.88888888889
1096.333333333333,2307,2751,Breathing,20379.888888888887
819.4444444444443,2753,2133,Breathing,13398.222222222224
474.55555555555566,4194,1170,Breathing,5875.666666666666
328.7777777777778,6370,908,Breathing,-1401.5555555555547
572.7777777777778,7659,1061,Breathing,-6790.666666666666
978.4444444444443,9490,1592,Breathing,-10111.111111111111
1672.1111111111113,10472,2047,Breathing,-11153.0
2897.8888888888887,10281,2305,Breathing,-10017.222222222219
4120.444444444444,9377,2429,Breathing,-7288.666666666668
5167.444444444445,6375,2740,Breathing,-3783.333333333332
5620.666666666667,3492,3156,Breathing,-553.0
5589.111111111111,1481,5943,Compression,1751.2222222222222
4757.333333333333,792,9081,None,2707.8888888888882
3229.444444444445,1222,11307,None,1681.5555555555557
1375.7777777777774,2202,12904,None,-1203.8888888888891
-690.8888888888887,3072,12151,None,-5184.777777777777
-2635.7777777777783,4351,8171,None,-9604.77777777778
-3946.4444444444443,5573,3719,None,-12868.111111111111
-4512.444444444443,8220,1651,None,-14794.444444444445
-4186.444444444443,12074,521,None,-14235.666666666664
-2940.1111111111113,13786,371,None,-11185.88888888889
-953.7777777777774,14629,572,None,-6108.444444444443
1529.1111111111113,14743,727,Compression,662.6666666666665
4207.0,13612,672,None,8364.88888888889
6833.888888888889,12311,703,None,15591.666666666666
9132.444444444445,9596,911,None,21448.11111111111
10521.888888888889,5942,1467,None,24275.44444444444
10813.111111111111,2368,3683,None,23854.777777777777
9937.111111111111,1111,6925,None,19834.666666666664
8007.444444444443,1507,10097,None,12647.888888888889
5562.444444444445,1324,12675,None,3685.0
2739.333333333333,1591,12417,None,-6314.555555555556
-20.888888888888687,1685,10469,None,-15996.111111111111
-2434.666666666667,1692,5395,None,-23736.888888888887
-4135.888888888889,2654,2977,None,-28593.88888888889
-5136.777777777777,4576,1371,None,-29782.22222222222
-5277.888888888889,6968,1109,None,-27038.555555555555
-4480.777777777777,8101,1301,None,-20934.11111111111
-3079.222222222222,8738,1478,None,-12296.888888888887
-1318.1111111111104,8370,1567,None,-2652.666666666667
699.0,7058,1545,Compression,7228.222222222222
2514.4444444444443,4283,1813,None,15803.666666666668
3764.888888888889,2433,2359,None,21858.222222222223
4184.555555555556,1013,5589,None,24411.444444444445
3712.0,951,7992,None,23266.666666666664
2573.555555555555,1267,10014,None,18938.11111111111
950.6666666666665,1620,10174,None,12312.0
-755.3333333333335,1987,7644,None,4364.222222222222
-2190.555555555555,2885,3725,None,-3407.777777777778
-3039.777777777778,5184,2147,None,-9938.333333333334
-3314.8888888888887,7695,1467,None,-14149.777777777777
-2897.3333333333335,8746,1515,None,-15511.0
-2102.1111111111113,9235,1753,None,-14138.11111111111
-762.333333333333,8896,2037,None,-9905.777777777777
782.1111111111113,8221,2348,None,-4115.333333333332
2406.5555555555557,6171,2256,Compression,2328.333333333334
3791.9999999999995,2999,2696,None,8286.111111111111
4454.222222222223,1066,4968,None,12474.11111111111
4114.0,445,8201,None,13816.0
2914.777777777778,707,10962,None,12516.333333333332
1083.3333333333335,772,11830,None,8455.0
-948.7777777777774,1058,11578,None,2944.777777777778
-2949.0,1755,8937,None,-3642.555555555556
-4509.111111111111,2102,4396,None,-9838.555555555555
-5416.555555555555,3600,1609,None,-14467.888888888887
-5630.333333333333,5458,678,None,-16576.11111111111
-5132.888888888889,7784,469,None,-15816.777777777777
-3886.555555555555,8977,797,None,-11981.222222222223
-2115.888888888889,9282,1414,None,-6184.000000000001
-102.22222222222263,8191,1999,Compression,1001.1111111111109
1814.4444444444443,6204,2577,None,8054.444444444444
3386.3333333333335,3951,3465,None,14158.444444444445
4238.333333333334,1860,4706,None,18169.777777777777
4177.0,1246,6703,None,19180.666666666664
3349.444444444445,1328,6786,None,16980.333333333332
2211.8888888888887,1318,6420,None,12375.444444444445
832.2222222222217,1964,4931,None,5904.333333333334
-406.33333333333303,2848,2832,None,-1053.6666666666656
-1278.7777777777778,4364,1388,None,-7511.888888888889
-1636.1111111111113,7171,654,None,-12198.0
-1315.0,8580,469,None,-14294.888888888889
-467.7777777777778,9389,735,None,-13685.888888888889
809.9999999999995,9713,957,None,-10711.777777777777
2389.2222222222226,8900,1348,None,-5679.0
3834.777777777778,5941,1450,None,-86.66666666666697
4900.666666666667,3520,2188,Compression,5245.0
5378.333333333333,1533,4296,None,9235.222222222223
5069.555555555556,747,8622,None,11049.666666666668
3863.8888888888887,704,10513,None,10206.111111111111
2049.8888888888887,1121,12399,None,6731.888888888889
-104.44444444444434,1180,13579,None,1323.5555555555557
-2443.666666666667,1551,12056,None,-4876.555555555556
-4583.777777777777,1832,9416,None,-11041.444444444445
-6265.555555555556,1996,5128,None,-15885.0
-7112.555555555555,2344,2400,None,-18361.555555555555
-7266.777777777778,4228,804,None,-18145.11111111111
-6579.333333333334,6116,850,None,-15013.77777777778
-5119.222222222223,8242,1329,None,-9346.444444444445
-3261.2222222222226,9329,1831,None,-2057.444444444445
-1175.0,8165,2428,Compression,5902.444444444444
840.1111111111113,5996,3009,None,13384.111111111113
2339.222222222222,3932,3243,None,18936.222222222223
3258.444444444445,1705,6604,None,22169.11111111111
3062.111111111111,1170,8096,None,21823.555555555555
2298.777777777778,934,9382,None,18548.666666666668
979.6666666666665,1633,9297,None,12870.111111111111
-457.0,1853,8311,None,5732.777777777778
-1942.666666666667,1861,4890,None,-1965.2222222222226
-3112.3333333333335,2747,2536,None,-8860.333333333334
-3726.3333333333335,5113,976,None,-14090.444444444445
-3598.5555555555557,6495,737,None,-16112.444444444443
-3035.3333333333335,7730,1378,None,-15859.333333333336
-1785.2222222222222,8099,1827,None,-12406.333333333332
-318.7777777777778,6516,2029,None,-7279.777777777778
1118.4444444444443,3949,2635,None,-1179.7777777777778
2116.0000000000005,2180,3855,Compression,4510.333333333334
2647.4444444444443,937,8726,None,9156.555555555557
2118.555555555555,267,13338,None,11168.666666666666
642.7777777777774,671,17144,None,10662.88888888889
-1647.2222222222222,889,18667,None,6798.666666666666
-4262.333333333334,686,17516,None,1390.5555555555552
-6838.111111111111,1171,13833,None,-5191.666666666666
-8941.88888888889,1532,7691,None,-11196.111111111113
-10124.77777777778,2881,2462,None,-15833.333333333334
-10224.222222222223,4686,773,None,-17571.11111111111
-9603.333333333332,7731,439,None,-16619.88888888889
-7927.666666666666,9700,668,None,-11997.555555555555
-5471.777777777778,11549,871,None,-4887.555555555555
-2455.0,12772,1235,Compression,4245.111111111111
802.2222222222217,12686,1058,None,13687.666666666668
3964.2222222222217,8682,1355,None,22045.555555555555
6185.222222222222,5710,2667,None,27467.333333333336
7207.666666666666,2901,4351,None,29583.222222222223
7000.0,2235,5912,None,27270.444444444445
6156.666666666668,2096,7856,None,21874.555555555555
4706.444444444444,2845,6959,Breathing,13441.888888888887
3245.7777777777783,2763,6137,Breathing,3653.000000000001
1684.4444444444443,4554,3652,Breathing,-6662.888888888888
502.7777777777774,7098,1886,Breathing,-15426.555555555558
-210.1111111111113,10432,1295,Breathing,-21506.777777777777
-9.0,13032,1275,Breathing,-23418.444444444445
959.2222222222217,14236,1649,Breathing,-22008.444444444445
2518.8888888888887,15361,2030,Breathing,-17115.22222222222
4408.666666666666,14698,2039,Breathing,-10465.555555555558
6455.222222222221,13188,1946,Breathing,-2390.666666666668
8161.444444444443,10159,1911,Compression,5215.1111111111095
9452.777777777777,6415,1933,None,11942.666666666666
9850.555555555557,2844,3928,None,15542.0
9151.0,2028,6156,None,15609.555555555555
7677.111111111111,2199,8758,None,12167.222222222223
5642.0,3085,10954,None,6430.77777777778
3369.1111111111113,3309,9832,None,-898.5555555555538
1163.1111111111113,3337,7160,None,-8161.22222222222
-668.2222222222226,3403,3430,None,-14891.777777777777
-1920.333333333333,5773,1406,None,-19429.555555555555
-2351.555555555555,7574,530,None,-21165.444444444445
-2066.8888888888887,10766,583,None,-19603.555555555555
-815.0,12972,1266,None,-14648.777777777777
944.3333333333339,14183,1794,None,-7583.0
3049.666666666666,13504,2225,Compression,653.2222222222208
5177.222222222223,9940,2822,None,8931.555555555555
6692.888888888889,5665,2996,None,15611.555555555555
7414.222222222222,2462,5322,None,19886.777777777777
7099.444444444445,1592,8402,None,20937.222222222223
5857.555555555555,2377,11145,None,18175.11111111111
4100.666666666666,2438,11811,None,12900.333333333332
1927.7777777777774,2537,10831,None,5335.111111111111
-294.44444444444434,2543,9103,None,-3046.8888888888896
-2399.8888888888887,2385,5856,None,-10979.333333333332
-4038.777777777778,2858,2760,None,-17298.444444444445
-4818.777777777778,3590,1213,None,-20531.444444444445
-4851.222222222223,5527,598,None,-20474.555555555555
-3985.7777777777783,6528,1065,None,-17252.777777777777
-2622.111111111111,6945,1280,None,-11222.444444444443
-1018.4444444444443,6744,1542,None,-3880.333333333332
600.9999999999995,5475,1837,Compression,4122.777777777777
1926.7777777777774,2814,2271,None,11437.222222222223
2716.0,1432,3352,None,16627.555555555555
2888.333333333333,1294,4760,None,19192.555555555555
2492.333333333334,1238,5541,None,18396.333333333336
1750.1111111111109,1867,5081,None,15081.0
845.3333333333335,2564,4053,None,9950.222222222223
72.88888888888914,3767,3734,None,4021.777777777778
-552.8888888888891,5012,3135,None,-1755.6666666666665
-922.3333333333335,6526,1896,None,-6639.222222222222
-812.1111111111113,8197,1127,None,-9666.0
-86.88888888888869,9426,1315,None,-10114.0
1027.6666666666665,9690,1942,None,-8462.0
2273.666666666667,8640,2076,None,-5049.777777777778
3481.1111111111113,5980,2446,None,-963.9999999999995
4230.888888888889,2713,2998,Compression,2920.0
4364.666666666667,1225,5319,None,5815.11111111111
3906.111111111111,789,7493,None,7197.888888888889
2952.666666666667,1183,9552,None,6677.888888888889
1508.333333333333,1244,8128,None,4181.111111111111
-42.11111111111131,1227,6093,None,263.44444444444434
-1483.9999999999995,1407,3540,None,-4242.666666666666
-2581.8888888888887,1949,1607,None,-8241.111111111111
-3273.2222222222217,3150,643,None,-11046.11111111111
-3387.333333333333,5187,286,Breathing,-12077.222222222223
-2811.1111111111113,7947,360,Breathing,-11050.77777777778
-1513.2222222222226,8284,429,Breathing,-7739.777777777778
104.44444444444434,7694,648,Breathing,-2893.0
1817.2222222222226,6642,678,Compression,2820.5555555555557
3244.7777777777774,4249,1038,None,8142.444444444444
4142.222222222223,2758,3399,None,12380.555555555555
4308.0,2380,5324,None,14508.11111111111
3942.888888888889,2374,6322,None,14391.88888888889
3225.6666666666665,2847,6774,None,12032.333333333334
2244.777777777778,3417,6294,None,7904.111111111111
1082.1111111111113,4077,3715,None,2286.4444444444443
249.5555555555552,5474,2368,None,-3141.777777777778
-188.22222222222217,7484,1334,None,-7631.666666666668
-167.55555555555566,9767,507,None,-10302.222222222223
504.55555555555566,11441,185,None,-10853.777777777777
1826.4444444444443,13217,256,None,-9094.555555555555
3593.666666666667,14318,497,None,-5405.111111111111
5568.0,12777,546,None,-253.00000000000045
7363.333333333333,9749,654,Compression,4973.444444444443
8693.555555555555,5674,940,None,9616.888888888889
9179.333333333334,2621,2314,None,12342.111111111113
8868.333333333334,1335,4546,None,12694.222222222223
7828.222222222222,700,8563,None,10477.333333333332
5925.666666666666,969,10913,None,5770.333333333332
3570.111111111111,1148,11850,None,-598.666666666667
940.8888888888887,938,10544,None,-7771.333333333333
-1662.1111111111113,855,7952,None,-14841.555555555555
-3809.666666666667,1280,4916,None,-20102.77777777778
-5224.222222222223,2078,2616,None,-22974.333333333336
-5810.0,4769,1675,None,-22985.11111111111
-5500.333333333333,6695,1982,None,-19789.777777777777
-4619.888888888889,8148,2124,None,-14191.777777777776
-3076.888888888889,8997,2606,None,-6349.7777777777765
-1261.8888888888891,9079,2756,Compression,2398.1111111111113
629.7777777777774,7607,2812,None,10861.888888888889
2229.8888888888887,5174,3051,None,17809.777777777777
3254.333333333333,2305,4189,None,22053.333333333336
3449.0000000000005,1062,5526,None,23041.88888888889
3012.7777777777774,1047,7438,None,21270.888888888887
1958.8888888888891,974,9206,None,16461.777777777777
520.5555555555557,881,9890,None,9972.444444444445
-1149.7777777777774,641,8939,None,2238.222222222223
-2781.888888888889,778,6273,None,-5412.0
-4094.9999999999995,1546,4285,None,-11788.777777777777
-4932.111111111111,2545,2591,None,-15835.222222222223
-5173.111111111111,3953,2009,None,-17250.222222222223
-4747.777777777778,5844,1532,None,-15656.000000000002
-3772.6666666666665,6543,1396,None,-11925.888888888887
-2490.666666666667,5875,1653,None,-6376.666666666668
-1106.8888888888887,5004,1585,None,-107.44444444444434
274.0,2985,2033,Compression,6148.555555555555
1301.7777777777778,1577,3016,None,11245.666666666668
1752.4444444444443,920,5501,None,14274.888888888889
1547.7777777777778,591,7271,None,14676.666666666668
810.666666666667,729,9649,None,12769.222222222223
-396.4444444444448,613,9813,None,8800.88888888889
-1897.7777777777778,564,9118,None,3502.333333333333
-3420.111111111111,639,6038,None,-2353.2222222222213
-4489.111111111111,1139,3000,None,-7465.88888888889
-5075.777777777777,1999,1792,None,-11197.22222222222
-5158.555555555556,3665,1173,None,-12940.222222222223
-4721.777777777777,5826,1465,None,-12458.0
-3728.2222222222217,6360,1319,None,-9627.333333333334
-2425.888888888889,5528,1297,None,-5111.444444444445
-964.666666666667,4169,1555,None,361.2222222222217
348.0,2504,2788,Compression,5628.0
1266.8888888888891,1096,6155,None,10036.777777777777
1304.666666666667,415,9804,None,12254.111111111113
468.2222222222222,276,13160,None,12018.222222222223
-986.333333333333,504,16008,None,9448.222222222223
-2985.888888888889,440,16148,None,4972.444444444444
-5215.777777777777,361,15176,None,-919.3333333333335
-7422.0,506,9380,None,-7241.888888888889
-8878.111111111111,700,4555,None,-12600.444444444445
-9596.888888888889,1474,2424,None,-15738.666666666668
-9670.888888888889,3037,844,None,-16481.777777777777
-8865.111111111111,4838,397,None,-14342.0
-7328.444444444444,6289,527,None,-9532.555555555555
-5256.666666666667,6900,670,None,-2782.7777777777783
-2841.777777777778,6448,648,Compression,5140.222222222223
-452.0,5441,895,None,12677.222222222223
1699.2222222222222,3461,1364,None,19066.11111111111
2918.2222222222226,1910,2534,None,22734.11111111111
3277.222222222222,1654,4390,None,23043.88888888889
3078.777777777778,1526,5172,None,20546.333333333332
2430.0,1449,5540,None,15565.444444444445
1482.0,1867,4126,None,8666.333333333334
590.7777777777778,2451,1733,None,1083.6666666666679
-21.66666666666697,4531,591,None,-6301.111111111111
-228.33333333333348,6902,70,None,-11572.666666666668
25.666666666666515,8997,81,None,-14547.666666666668
783.3333333333335,10675,71,None,-14884.555555555555
2030.8888888888891,11993,149,None,-12541.444444444445
3650.8888888888887,11851,241,None,-8238.333333333334
5346.0,10215,196,None,-2931.4444444444453
6913.777777777778,8540,277,Compression,2611.6666666666674
8082.888888888889,5232,762,None,7268.444444444445
8499.777777777777,2464,2632,None,10195.0
8043.333333333333,1358,5728,None,10406.555555555555
6798.666666666667,1162,8510,None,8019.333333333333
4991.555555555556,1247,10533,None,3636.1111111111118
2781.555555555555,1201,10628,None,-2165.333333333334
418.1111111111104,1174,8489,None,-8664.555555555557
-1684.666666666667,1613,4898,None,-14522.777777777777
-3162.888888888889,3045,2818,None,-18598.111111111113
-4055.7777777777774,5059,942,None,-20410.333333333332
-4095.0,7290,203,None,-19367.777777777777
-3288.8888888888887,9921,293,None,-15540.444444444445
-1733.5555555555557,10437,433,None,-9282.888888888889
194.44444444444434,9699,678,None,-1564.333333333333
2228.555555555556,7270,991,Compression,6477.666666666668
3973.666666666667,4823,2029,None,13632.222222222224
5096.888888888889,2767,4075,None,18920.222222222223
5316.555555555556,1299,7069,None,21074.222222222223
4650.222222222223,922,9378,None,20038.222222222223
3253.222222222222,1131,11242,None,15880.444444444445
1342.333333333334,1011,11185,None,9428.333333333334
-857.8888888888887,1086,8999,None,1428.666666666666
-2848.6666666666665,1384,5356,None,-6598.666666666668
-4292.333333333334,2155,2713,None,-13302.444444444445
-5052.0,3760,784,None,-17505.111111111113
-5031.777777777778,6954,369,None,-18834.666666666668
-4154.777777777777,8615,418,None,-16819.555555555555
-2602.8888888888887,9913,452,None,-11884.333333333334
-612.1111111111113,10130,615,None,-4741.0
1568.5555555555552,9024,572,Compression,3269.333333333332
3638.1111111111113,6732,925,None,11016.88888888889
5162.555555555556,3887,2218,None,17036.88888888889
5789.333333333334,2452,5905,None,20210.333333333336
5467.666666666667,1549,8794,None,19991.0
4332.0,1499,11940,None,16616.88888888889
2440.222222222222,1394,13540,None,10460.333333333334
179.8888888888887,1366,13111,None,2556.555555555556
-2176.333333333334,1409,9719,None,-6060.222222222223
-4156.888888888889,1807,5395,None,-13736.666666666666
-5494.666666666667,3347,2680,None,-19214.444444444445
-6065.777777777778,5089,893,None,-21748.0
-5785.0,7115,280,None,-20938.11111111111
-4641.888888888889,8913,406,None,-16704.555555555555
-2891.6666666666665,9821,426,None,-10006.444444444443
-687.666666666667,9068,478,None,-1563.6666666666665
1616.3333333333335,7501,714,Compression,7161.888888888889
3675.444444444444,5009,1033,None,14984.555555555555
5040.555555555555,2881,3124,None,20425.777777777777
5412.222222222223,1950,5431,None,22481.222222222226
4951.333333333333,1467,8773,None,21126.666666666664
3673.333333333333,1595,10781,None,16682.0
1893.2222222222226,1398,10214,None,9663.0
-31.555555555555657,1472,6294,None,1423.666666666666
-1611.2222222222226,1947,3142,None,-6775.333333333333
-2698.444444444445,4184,1163,None,-13512.222222222223
-3116.888888888889,7453,571,None,-17699.222222222223
-2794.0000000000005,9858,476,None,-18851.666666666664
-1724.5555555555557,11441,572,None,-16595.11111111111
-130.1111111111113,12598,766,None,-11616.555555555555
1996.333333333333,12877,982,None,-4537.111111111111
4338.666666666666,11674,1152,Compression,3368.999999999999
6487.333333333334,9137,1347,None,10833.666666666668
7888.666666666666,5325,1977,None,16292.222222222223
8393.444444444445,2291,4076,None,18926.444444444445
7859.444444444444,941,7296,None,18113.111111111113
6388.666666666667,521,9827,None,14264.111111111113
4312.222222222222,657,10560,None,7713.777777777777
2004.2222222222226,433,9989,None,-311.1111111111095
-372.2222222222226,454,7256,None,-8887.444444444445
-2449.666666666667,942,4670,None,-16288.222222222223
-4033.0,2465,3143,None,-21612.222222222226
-4973.888888888889,3878,2336,None,-23838.88888888889
-5174.555555555556,5336,2257,None,-22750.666666666668
-4634.111111111111,5765,2263,None,-18530.333333333332
-3538.888888888889,5333,2086,None,-12061.88888888889
-2144.1111111111113,3819,2176,None,-4087.7777777777774
-861.2222222222222,2332,3117,Compression,3922.8888888888882
113.33333333333348,1179,5951,None,11005.88888888889
338.8888888888887,305,8721,None,15651.11111111111
-182.0,730,11399,None,17419.0
-1292.1111111111109,869,11731,None,16175.333333333332
-2670.333333333333,965,10805,None,12431.77777777778
-4105.777777777777,1092,7435,None,6984.666666666667
-5199.666666666666,2007,3949,None,1204.6666666666679
-5776.222222222222,4686,2069,None,-4117.666666666666
-5668.0,7568,1059,None,-7595.333333333333
-4857.555555555557,10400,655,None,-8821.88888888889
-3244.555555555555,12091,784,None,-7265.222222222222
-1053.1111111111113,12569,918,None,-3375.333333333334
1426.8888888888896,12151,953,Compression,2190.6666666666665
3877.9999999999995,9280,1067,None,8209.11111111111
5883.888888888889,5207,1528,None,13621.777777777777
6997.444444444444,1853,3570,None,17003.888888888887
7022.444444444444,1016,6459,None,17769.555555555555
6126.888888888889,667,9567,None,15378.333333333332
4414.777777777778,660,11673,None,10143.444444444447
2108.3333333333335,521,11302,None,2633.8888888888882
-345.8888888888887,601,8620,None,-5841.1111111111095
-2531.444444444445,937,4376,None,-13948.0
-4157.777777777777,2164,1875,None,-20232.888888888887
-5038.222222222223,4405,924,None,-23720.777777777777
-5060.222222222223,6627,437,None,-23852.555555555555
-4181.666666666667,7964,626,None,-20476.444444444445
-2761.555555555555,8161,745,None,-14241.333333333332
-948.666666666667,6133,684,None,-6070.666666666668
880.4444444444448,4284,671,Compression,2730.4444444444457
2479.7777777777783,2450,1431,None,10861.444444444445
3484.0,1654,5099,None,16937.555555555555
3483.333333333333,1712,8933,None,19698.777777777777
2648.888888888889,1749,12050,None,18891.222222222223
1117.5555555555557,2635,13371,None,15066.222222222223
-763.1111111111113,2329,12723,None,8782.0
-2733.3333333333335,2979,8211,None,1256.1111111111104
-4138.666666666667,3528,3866,None,-6015.666666666667
-4781.666666666666,6867,1004,None,-11677.555555555557
-4531.666666666666,11598,151,None,-14652.555555555555
-3373.0,15403,74,None,-14544.111111111111
-1287.0,17978,42,None,-10948.111111111111
1508.2222222222226,19871,65,None,-4559.222222222223
4853.444444444444,20981,103,Compression,3707.666666666667
8366.11111111111,22193,31,None,12319.22222222222
11983.444444444443,21767,56,None,20378.88888888889
14977.111111111111,20474,105,None,26127.222222222223
17277.888888888887,20697,94,None,28916.555555555555
18915.666666666668,19093,105,None,28217.666666666668
19753.555555555555,14844,26,None,24267.222222222223
19696.777777777777,5288,132,None,17247.88888888889
18276.777777777777,2693,195,None,7639.333333333334
16353.666666666666,2239,186,Breathing,-3216.5555555555547
14262.0,2103,348,Breathing,-13219.888888888887
11994.555555555557,1865,295,Breathing,-22048.44444444444
9756.666666666666,1997,315,Breathing,-28667.77777777778
7680.333333333333,2153,413,Breathing,-32724.11111111111
5584.444444444444,2073,477,Breathing,-34315.0
3652.0,2224,249,Breathing,-32870.11111111111
2225.0,2844,227,Breathing,-28972.0
1942.8888888888887,2914,550,Breathing,-22229.77777777778
1928.0,2769,294,Breathing,-14436.77777777778
1974.8888888888887,2797,396,Breathing,-7066.666666666666
2046.6666666666667,1506,828,Breathing,-350.33333333333576
1947.5555555555557,960,768,Compression,5522.111111111112
1781.9999999999998,886,713,Breathing,10203.222222222223
1607.8888888888891,738,601,Breathing,13495.222222222223
1445.7777777777778,704,801,Breathing,14127.666666666666
1215.5555555555557,595,637,Breathing,13416.222222222223
920.1111111111111,515,1118,Breathing,11264.333333333334
590.4444444444443,777,472,Breathing,8610.333333333336
349.33333333333326,554,817,Breathing,6183.555555555555
53.33333333333337,521,830,Breathing,3904.9999999999995
-56.33333333333337,496,881,Breathing,1972.666666666666
-120.44444444444446,645,742,Breathing,303.7777777777778
-150.44444444444446,635,819,Breathing,-748.8888888888891
-186.1111111111112,459,886,Breathing,-609.1111111111115
-222.77777777777771,453,1171,Breathing,-100.77777777777783
-297.8888888888889,714,913,Breathing,407.55555555555543
-253.0,509,1023,Breathing,1149.8888888888891
-344.0,849,876,Breathing,1310.5555555555559
-317.7777777777777,459,1364,Breathing,1531.3333333333333
-384.0,841,1144,Breathing,1430.666666666667
-374.8888888888889,488,1373,Breathing,1377.4444444444448
-462.44444444444434,530,1434,Breathing,1126.3333333333335
-542.4444444444446,448,1526,Breathing,861.6666666666666
-614.7777777777778,461,1498,Breathing,451.44444444444423
-650.2222222222222,510,1501,Breathing,341.0
-738.2222222222222,507,1428,Breathing,-114.11111111111109
-783.4444444444443,658,1397,Breathing,-111.77777777777771
-862.5555555555555,479,1957,Breathing,-290.33333333333337
-926.2222222222222,524,1527,Breathing,-230.22222222222229
-1004.0,851,1289,Breathing,-272.7777777777777
-954.3333333333333,590,1377,Breathing,-99.8888888888888
-941.3333333333334,366,1399,Breathing,-46.55555555555554
-936.3333333333334,607,1113,Breathing,163.66666666666663
-877.3333333333333,513,1200,Breathing,212.33333333333326
-843.5555555555557,636,1001,Breathing,439.44444444444434
-781.7777777777777,442,1219,Breathing,543.8888888888888
-785.9999999999999,650,843,Breathing,705.6666666666667
-643.2222222222223,483,995,Breathing,774.8888888888888
-588.6666666666667,961,429,Breathing,814.2222222222221
-480.8888888888889,429,812,Breathing,794.9999999999999
-436.0,470,735,Breathing,732.4444444444445
-350.66666666666663,518,597,Breathing,691.0000000000002
-303.2222222222222,407,883,Breathing,572.4444444444445
-279.7777777777778,744,538,Breathing,487.2222222222222
-216.33333333333337,511,683,Breathing,282.44444444444446
-149.1111111111111,890,489,Breathing,221.55555555555554
-83.11111111111109,595,648,Breathing,86.66666666666686
-32.111111111111086,572,657,Breathing,51.222222222222285
-100.66666666666674,742,470,Breathing,-205.44444444444457
-27.888888888888914,671,508,Breathing,-166.0
19.666666666666742,711,667,Breathing,-193.44444444444446
33.33333333333326,579,538,Breathing,-228.8888888888889
90.77777777777783,543,608,Breathing,-266.33333333333314
60.66666666666663,605,612,Breathing,-283.1111111111112
79.0,514,687,Breathing,-328.44444444444457
15.222222222222172,360,676,Breathing,-281.8888888888889
-14.0,674,555,Breathing,-390.0
8.666666666666742,567,927,Breathing,-260.9999999999999
-61.55555555555554,732,913,Breathing,-370.22222222222206
-99.77777777777783,483,1076,Breathing,-490.0000000000002
-170.55555555555554,694,614,Breathing,-480.8888888888888
-166.22222222222229,531,772,Breathing,-485.1111111111112
-185.77777777777771,653,883,Breathing,-344.7777777777776
-210.55555555555554,473,930,Breathing,-307.66666666666663
-242.1111111111111,604,655,Breathing,-366.66666666666674
-212.66666666666674,887,865,Breathing,-165.0000000000001
-223.44444444444446,414,1197,Breathing,-112.66666666666663
-270.44444444444446,393,991,Breathing,-5.000000000000114
-316.7777777777778,528,729,Breathing,40.000000000000114
-273.2222222222223,492,783,Breathing,143.7777777777776
-314.44444444444434,869,644,Breathing,141.33333333333348
-262.66666666666663,486,721,Breathing,180.44444444444434
-263.2222222222222,503,866,Breathing,146.0000000000001
-252.77777777777783,576,631,Breathing,221.44444444444446
-253.22222222222217,638,659,Breathing,168.33333333333348
-258.0,592,563,Breathing,182.44444444444446
-167.77777777777783,587,740,Breathing,205.33333333333337
-118.33333333333337,839,555,Breathing,346.6666666666665
-64.44444444444446,703,375,Breathing,285.66666666666674
4.3333333333332575,428,696,Breathing,371.44444444444423
-50.44444444444446,691,634,Breathing,222.8888888888889
-18.0,293,1002,Breathing,285.7777777777776
-56.44444444444446,662,649,Breathing,230.8888888888889
-48.888888888888914,859,546,Breathing,101.66666666666663
-11.777777777777828,418,858,Breathing,47.777777777777715
-63.888888888888914,570,802,Breathing,-104.88888888888891
-72.66666666666663,487,818,Breathing,-273.11111111111086
-141.0,1039,638,Breathing,-288.7777777777777
-132.8888888888889,370,1139,Breathing,-382.44444444444434
-188.55555555555554,627,745,Breathing,-334.44444444444446
-208.0,515,756,Breathing,-394.33333333333326
-156.0,604,950,Breathing,-345.7777777777777
-195.8888888888889,486,724,Breathing,-250.8888888888889
-257.1111111111111,476,795,Breathing,-291.0
-243.66666666666663,807,680,Breathing,-103.22222222222217
-203.77777777777783,203,1135,Breathing,6.111111111110972
-270.55555555555554,429,741,Breathing,8.555555555555543
-349.7777777777777,664,590,Breathing,-26.8888888888888
-256.1111111111111,402,874,Breathing,32.0
-295.44444444444446,556,553,Breathing,59.55555555555554
-268.33333333333337,293,1114,Breathing,132.9999999999999
-321.1111111111111,793,478,Breathing,54.55555555555554
-259.66666666666674,598,619,Breathing,128.55555555555554
-226.55555555555566,462,681,Breathing,146.66666666666652
-265.0,577,619,Breathing,155.66666666666663
-166.1111111111111,342,731,Breathing,172.0
-174.66666666666663,661,587,Breathing,262.55555555555554
-174.66666666666663,418,1318,Breathing,193.77777777777783
-222.22222222222229,716,909,Breathing,198.44444444444434
-244.0,381,1223,Breathing,26.888888888889028
-246.33333333333326,702,1013,Breathing,57.666666666666856
-315.8888888888889,603,816,Breathing,5.0
-337.2222222222223,530,1038,Breathing,-215.1111111111111
-369.33333333333326,913,3151,Breathing,-279.44444444444434
-613.3333333333333,811,1199,Breathing,-528.6666666666666
-613.2222222222222,825,1535,Breathing,-511.7777777777777
-700.3333333333334,3261,338,Breathing,-550.0000000000001
-275.55555555555554,8636,215,Breathing,-128.1111111111111
681.5555555555554,25523,289,Breathing,981.7777777777776
3578.8888888888887,5005,440,Breathing,3935.8888888888882
4120.666666666667,5983,1620,Breathing,4540.888888888889
4629.11111111111,2590,1620,Breathing,5413.555555555555
4793.333333333334,253,3089,Breathing,5601.222222222223
4726.888888888889,233,3949,Breathing,5865.888888888889
4357.111111111111,6076,1514,Breathing,5023.666666666667
4942.888888888889,6419,1911,Breathing,4717.666666666666
5119.0,3475,2026,Breathing,1569.333333333334
4344.333333333333,3214,585,Breathing,-773.7777777777783
1832.6666666666665,5074,441,Breathing,-6712.555555555555
1840.222222222222,3633,628,Breathing,-7443.111111111112
1689.3333333333335,2336,1855,Breathing,-8279.999999999998
1635.0,1067,3904,Breathing,-8128.666666666668
1634.888888888889,650,3922,Breathing,-8735.222222222223
1684.2222222222224,1449,3844,Breathing,-8067.444444444444
911.2222222222222,4661,2304,Breathing,-7694.444444444443
672.2222222222222,14208,379,Breathing,-2700.555555555555
2047.7777777777776,26729,331,Breathing,-16.111111111110404
4688.777777777778,27779,324,Compression,5795.888888888889
7224.555555555556,28315,423,None,8542.666666666668
9989.77777777778,16575,437,Breathing,11392.444444444445
11729.444444444443,4240,423,Breathing,12767.333333333332
12468.777777777777,1120,4123,Breathing,14865.555555555555
